Stationsnamn;Klimatnummer;Mäthöjd (meter över marken)
Hoburg D;68550;2.0

Parameternamn;Beskrivning;Enhet
Nederbördsmängd;summa, 1 gång per månad;millimetre

Tidsperiod (fr.o.m);Tidsperiod (t.o.m);Höjd (meter över havet);Latitud (decimalgrader);Longitud (decimalgrader)
2013-01-01 00:00:00;2019-06-01 15:00:00;38.0;56.922;18.1504
1880-01-01 00:00:00;2012-12-31 23:59:59;38.0;56.9222;18.1471

Från Datum Tid (UTC);Till Datum Tid (UTC);Representativ månad;Nederbördsmängd;Kvalitet;;Tidsutsnitt:
1879-12-01 07:00:01;1880-01-01 07:00:00;1879-12;72.4;Y;;Kvalitetskontrollerade historiska data (utom de senaste 3 mån)
1880-01-01 07:00:01;1880-02-01 07:00:00;1880-01;17.8;Y;;Tidsperiod (fr.o.m.) = 1880-01-01 00:00:00 (UTC)
1880-02-01 07:00:01;1880-03-01 07:00:00;1880-02;56.9;Y;;Tidsperiod (t.o.m.) = 2019-03-01 06:00:00 (UTC)
1880-03-01 07:00:01;1880-04-01 07:00:00;1880-03;10.9;Y;;Värdet är summerat över = 1 månad
1880-04-01 07:00:01;1880-05-01 07:00:00;1880-04;22.9;Y;;
1880-05-01 07:00:01;1880-06-01 07:00:00;1880-05;32.6;Y;;Kvalitetskoderna:
1880-06-01 07:00:01;1880-07-01 07:00:00;1880-06;23.7;Y;;Grön (G) = Kontrollerade och godkända värden.
1880-07-01 07:00:01;1880-08-01 07:00:00;1880-07;30.6;Y;;Gul (Y) = Misstänkta eller aggregerade värden. Grovt kontrollerade arkivdata och okontrollerade realtidsdata (senaste 2 tim).
1880-08-01 07:00:01;1880-09-01 07:00:00;1880-08;22.2;Y;;
1880-09-01 07:00:01;1880-10-01 07:00:00;1880-09;18.7;Y;;Orsaker till saknade data:
1880-10-01 07:00:01;1880-11-01 07:00:00;1880-10;90.5;Y;;  stationen eller givaren har varit ur funktion.
1880-11-01 07:00:01;1880-12-01 07:00:00;1880-11;47.3;Y
1880-12-01 07:00:01;1881-01-01 07:00:00;1880-12;45.3;Y
1881-01-01 07:00:01;1881-02-01 07:00:00;1881-01;50.2;Y
1881-02-01 07:00:01;1881-03-01 07:00:00;1881-02;45.5;Y
1881-03-01 07:00:01;1881-04-01 07:00:00;1881-03;78.8;Y
1881-04-01 07:00:01;1881-05-01 07:00:00;1881-04;26.9;Y
1881-05-01 07:00:01;1881-06-01 07:00:00;1881-05;23.9;Y
1881-06-01 07:00:01;1881-07-01 07:00:00;1881-06;48.6;Y
1881-07-01 07:00:01;1881-08-01 07:00:00;1881-07;37.7;Y
1881-08-01 07:00:01;1881-09-01 07:00:00;1881-08;42.7;Y
1881-09-01 07:00:01;1881-10-01 07:00:00;1881-09;79.6;Y
1881-10-01 07:00:01;1881-11-01 07:00:00;1881-10;51.9;Y
1881-11-01 07:00:01;1881-12-01 07:00:00;1881-11;26.8;Y
1881-12-01 07:00:01;1882-01-01 07:00:00;1881-12;19.8;Y
1882-01-01 07:00:01;1882-02-01 07:00:00;1882-01;13.2;Y
1882-02-01 07:00:01;1882-03-01 07:00:00;1882-02;9.8;Y
1882-03-01 07:00:01;1882-04-01 07:00:00;1882-03;19.1;Y
1882-04-01 07:00:01;1882-05-01 07:00:00;1882-04;16.5;Y
1882-05-01 07:00:01;1882-06-01 07:00:00;1882-05;27.0;Y
1882-06-01 07:00:01;1882-07-01 07:00:00;1882-06;52.4;Y
1882-07-01 07:00:01;1882-08-01 07:00:00;1882-07;94.8;Y
1882-08-01 07:00:01;1882-09-01 07:00:00;1882-08;48.9;Y
1882-09-01 07:00:01;1882-10-01 07:00:00;1882-09;11.0;G
1882-10-01 07:00:01;1882-11-01 07:00:00;1882-10;23.2;Y
1882-11-01 07:00:01;1882-12-01 07:00:00;1882-11;63.2;Y
1882-12-01 07:00:01;1883-01-01 07:00:00;1882-12;42.8;Y
1883-01-01 07:00:01;1883-02-01 07:00:00;1883-01;24.1;Y
1883-02-01 07:00:01;1883-03-01 07:00:00;1883-02;6.5;Y
1883-03-01 07:00:01;1883-04-01 07:00:00;1883-03;60.7;Y
1883-04-01 07:00:01;1883-05-01 07:00:00;1883-04;5.2;Y
1883-05-01 07:00:01;1883-06-01 07:00:00;1883-05;27.2;Y
1883-06-01 07:00:01;1883-07-01 07:00:00;1883-06;48.6;Y
1883-07-01 07:00:01;1883-08-01 07:00:00;1883-07;88.8;Y
1883-08-01 07:00:01;1883-09-01 07:00:00;1883-08;46.5;Y
1883-09-01 07:00:01;1883-10-01 07:00:00;1883-09;43.9;Y
1883-10-01 07:00:01;1883-11-01 07:00:00;1883-10;47.0;G
1883-11-01 07:00:01;1883-12-01 07:00:00;1883-11;95.7;Y
1883-12-01 07:00:01;1884-01-01 07:00:00;1883-12;38.1;Y
1884-01-01 07:00:01;1884-02-01 07:00:00;1884-01;40.6;Y
1884-02-01 07:00:01;1884-03-01 07:00:00;1884-02;37.8;Y
1884-03-01 07:00:01;1884-04-01 07:00:00;1884-03;34.7;Y
1884-04-01 07:00:01;1884-05-01 07:00:00;1884-04;13.2;Y
1884-05-01 07:00:01;1884-06-01 07:00:00;1884-05;22.5;Y
1884-06-01 07:00:01;1884-07-01 07:00:00;1884-06;52.9;Y
1884-07-01 07:00:01;1884-08-01 07:00:00;1884-07;58.1;Y
1884-08-01 07:00:01;1884-09-01 07:00:00;1884-08;15.2;Y
1884-09-01 07:00:01;1884-10-01 07:00:00;1884-09;11.6;Y
1884-10-01 07:00:01;1884-11-01 07:00:00;1884-10;62.0;Y
1884-11-01 07:00:01;1884-12-01 07:00:00;1884-11;73.0;Y
1884-12-01 07:00:01;1885-01-01 07:00:00;1884-12;69.9;Y
1885-01-01 07:00:01;1885-02-01 07:00:00;1885-01;22.9;Y
1885-02-01 07:00:01;1885-03-01 07:00:00;1885-02;27.5;Y
1885-03-01 07:00:01;1885-04-01 07:00:00;1885-03;8.3;Y
1885-04-01 07:00:01;1885-05-01 07:00:00;1885-04;4.1;Y
1885-05-01 07:00:01;1885-06-01 07:00:00;1885-05;30.0;G
1885-06-01 07:00:01;1885-07-01 07:00:00;1885-06;13.8;Y
1885-07-01 07:00:01;1885-08-01 07:00:00;1885-07;26.6;Y
1885-08-01 07:00:01;1885-09-01 07:00:00;1885-08;108.3;Y
1885-09-01 07:00:01;1885-10-01 07:00:00;1885-09;20.9;Y
1885-10-01 07:00:01;1885-11-01 07:00:00;1885-10;107.4;Y
1885-11-01 07:00:01;1885-12-01 07:00:00;1885-11;13.2;Y
1885-12-01 07:00:01;1886-01-01 07:00:00;1885-12;22.2;Y
1886-01-01 07:00:01;1886-02-01 07:00:00;1886-01;24.5;Y
1886-02-01 07:00:01;1886-03-01 07:00:00;1886-02;12.4;Y
1886-03-01 07:00:01;1886-04-01 07:00:00;1886-03;20.9;Y
1886-04-01 07:00:01;1886-05-01 07:00:00;1886-04;27.4;Y
1886-05-01 07:00:01;1886-06-01 07:00:00;1886-05;15.2;Y
1886-06-01 07:00:01;1886-07-01 07:00:00;1886-06;39.1;Y
1886-07-01 07:00:01;1886-08-01 07:00:00;1886-07;29.6;Y
1886-08-01 07:00:01;1886-09-01 07:00:00;1886-08;7.5;Y
1886-09-01 07:00:01;1886-10-01 07:00:00;1886-09;34.4;Y
1886-10-01 07:00:01;1886-11-01 07:00:00;1886-10;19.4;Y
1886-11-01 07:00:01;1886-12-01 07:00:00;1886-11;41.7;Y
1886-12-01 07:00:01;1887-01-01 07:00:00;1886-12;56.5;Y
1887-01-01 07:00:01;1887-02-01 07:00:00;1887-01;17.0;Y
1887-02-01 07:00:01;1887-03-01 07:00:00;1887-02;5.2;Y
1887-03-01 07:00:01;1887-04-01 07:00:00;1887-03;16.4;Y
1887-04-01 07:00:01;1887-05-01 07:00:00;1887-04;16.1;Y
1887-05-01 07:00:01;1887-06-01 07:00:00;1887-05;49.0;Y
1887-06-01 07:00:01;1887-07-01 07:00:00;1887-06;26.8;Y
1887-07-01 07:00:01;1887-08-01 07:00:00;1887-07;23.9;Y
1887-08-01 07:00:01;1887-09-01 07:00:00;1887-08;25.8;Y
1887-09-01 07:00:01;1887-10-01 07:00:00;1887-09;25.4;Y
1887-10-01 07:00:01;1887-11-01 07:00:00;1887-10;23.5;Y
1887-11-01 07:00:01;1887-12-01 07:00:00;1887-11;54.5;Y
1887-12-01 07:00:01;1888-01-01 07:00:00;1887-12;54.2;Y
1888-01-01 07:00:01;1888-02-01 07:00:00;1888-01;11.6;Y
1888-02-01 07:00:01;1888-03-01 07:00:00;1888-02;24.9;Y
1888-03-01 07:00:01;1888-04-01 07:00:00;1888-03;69.5;Y
1888-04-01 07:00:01;1888-05-01 07:00:00;1888-04;35.9;Y
1888-05-01 07:00:01;1888-06-01 07:00:00;1888-05;24.9;Y
1888-06-01 07:00:01;1888-07-01 07:00:00;1888-06;20.8;Y
1888-07-01 07:00:01;1888-08-01 07:00:00;1888-07;50.1;Y
1888-08-01 07:00:01;1888-09-01 07:00:00;1888-08;25.6;Y
1888-09-01 07:00:01;1888-10-01 07:00:00;1888-09;31.8;Y
1888-10-01 07:00:01;1888-11-01 07:00:00;1888-10;42.0;G
1888-11-01 07:00:01;1888-12-01 07:00:00;1888-11;30.0;Y
1888-12-01 07:00:01;1889-01-01 07:00:00;1888-12;16.3;Y
1889-01-01 07:00:01;1889-02-01 07:00:00;1889-01;11.0;Y
1889-02-01 07:00:01;1889-03-01 07:00:00;1889-02;116.7;Y
1889-03-01 07:00:01;1889-04-01 07:00:00;1889-03;42.2;Y
1889-04-01 07:00:01;1889-05-01 07:00:00;1889-04;33.4;Y
1889-05-01 07:00:01;1889-06-01 07:00:00;1889-05;5.8;Y
1889-06-01 07:00:01;1889-07-01 07:00:00;1889-06;28.6;Y
1889-07-01 07:00:01;1889-08-01 07:00:00;1889-07;43.6;Y
1889-08-01 07:00:01;1889-09-01 07:00:00;1889-08;43.8;Y
1889-09-01 07:00:01;1889-10-01 07:00:00;1889-09;27.4;Y
1889-10-01 07:00:01;1889-11-01 07:00:00;1889-10;32.5;Y
1889-11-01 07:00:01;1889-12-01 07:00:00;1889-11;22.7;Y
1889-12-01 07:00:01;1890-01-01 07:00:00;1889-12;16.5;Y
1890-01-01 07:00:01;1890-02-01 07:00:00;1890-01;26.7;Y
1890-02-01 07:00:01;1890-03-01 07:00:00;1890-02;9.4;Y
1890-03-01 07:00:01;1890-04-01 07:00:00;1890-03;20.8;Y
1890-04-01 07:00:01;1890-05-01 07:00:00;1890-04;39.5;Y
1890-05-01 07:00:01;1890-06-01 07:00:00;1890-05;13.8;Y
1890-06-01 07:00:01;1890-07-01 07:00:00;1890-06;17.6;Y
1890-07-01 07:00:01;1890-08-01 07:00:00;1890-07;40.7;Y
1890-08-01 07:00:01;1890-09-01 07:00:00;1890-08;99.0;Y
1890-09-01 07:00:01;1890-10-01 07:00:00;1890-09;14.3;Y
1890-10-01 07:00:01;1890-11-01 07:00:00;1890-10;71.7;Y
1890-11-01 07:00:01;1890-12-01 07:00:00;1890-11;43.9;Y
1890-12-01 07:00:01;1891-01-01 07:00:00;1890-12;16.3;Y
1891-01-01 07:00:01;1891-02-01 07:00:00;1891-01;62.8;Y
1891-02-01 07:00:01;1891-03-01 07:00:00;1891-02;3.9;Y
1891-03-01 07:00:01;1891-04-01 07:00:00;1891-03;54.8;Y
1891-04-01 07:00:01;1891-05-01 07:00:00;1891-04;17.0;Y
1891-05-01 07:00:01;1891-06-01 07:00:00;1891-05;14.5;Y
1891-06-01 07:00:01;1891-07-01 07:00:00;1891-06;25.4;Y
1891-07-01 07:00:01;1891-08-01 07:00:00;1891-07;79.3;Y
1891-08-01 07:00:01;1891-09-01 07:00:00;1891-08;76.3;Y
1891-09-01 07:00:01;1891-10-01 07:00:00;1891-09;17.6;Y
1891-10-01 07:00:01;1891-11-01 07:00:00;1891-10;27.0;G
1891-11-01 07:00:01;1891-12-01 07:00:00;1891-11;42.5;Y
1891-12-01 07:00:01;1892-01-01 07:00:00;1891-12;37.8;Y
1892-01-01 07:00:01;1892-02-01 07:00:00;1892-01;23.4;Y
1892-02-01 07:00:01;1892-03-01 07:00:00;1892-02;17.4;Y
1892-03-01 07:00:01;1892-04-01 07:00:00;1892-03;19.3;Y
1892-04-01 07:00:01;1892-05-01 07:00:00;1892-04;19.6;Y
1892-05-01 07:00:01;1892-06-01 07:00:00;1892-05;13.5;Y
1892-06-01 07:00:01;1892-07-01 07:00:00;1892-06;68.6;Y
1892-07-01 07:00:01;1892-08-01 07:00:00;1892-07;40.9;Y
1892-08-01 07:00:01;1892-09-01 07:00:00;1892-08;41.1;Y
1892-09-01 07:00:01;1892-10-01 07:00:00;1892-09;10.9;Y
1892-10-01 07:00:01;1892-11-01 07:00:00;1892-10;58.5;Y
1892-11-01 07:00:01;1892-12-01 07:00:00;1892-11;4.0;G
1892-12-01 07:00:01;1893-01-01 07:00:00;1892-12;98.5;Y
1893-01-01 07:00:01;1893-02-01 07:00:00;1893-01;80.8;Y
1893-02-01 07:00:01;1893-03-01 07:00:00;1893-02;30.3;Y
1893-03-01 07:00:01;1893-04-01 07:00:00;1893-03;19.1;Y
1893-04-01 07:00:01;1893-05-01 07:00:00;1893-04;10.7;Y
1893-05-01 07:00:01;1893-06-01 07:00:00;1893-05;6.4;Y
1893-06-01 07:00:01;1893-07-01 07:00:00;1893-06;15.7;Y
1893-07-01 07:00:01;1893-08-01 07:00:00;1893-07;14.0;G
1893-08-01 07:00:01;1893-09-01 07:00:00;1893-08;55.9;Y
1893-09-01 07:00:01;1893-10-01 07:00:00;1893-09;56.7;Y
1893-10-01 07:00:01;1893-11-01 07:00:00;1893-10;67.6;Y
1893-11-01 07:00:01;1893-12-01 07:00:00;1893-11;28.0;Y
1893-12-01 07:00:01;1894-01-01 07:00:00;1893-12;26.8;Y
1894-01-01 07:00:01;1894-02-01 07:00:00;1894-01;19.2;Y
1894-02-01 07:00:01;1894-03-01 07:00:00;1894-02;16.4;Y
1894-03-01 07:00:01;1894-04-01 07:00:00;1894-03;16.9;Y
1894-04-01 07:00:01;1894-05-01 07:00:00;1894-04;16.1;Y
1894-05-01 07:00:01;1894-06-01 07:00:00;1894-05;19.6;Y
1894-06-01 07:00:01;1894-07-01 07:00:00;1894-06;13.2;Y
1894-07-01 07:00:01;1894-08-01 07:00:00;1894-07;52.1;Y
1894-08-01 07:00:01;1894-09-01 07:00:00;1894-08;25.2;Y
1894-09-01 07:00:01;1894-10-01 07:00:00;1894-09;45.0;G
1894-10-01 07:00:01;1894-11-01 07:00:00;1894-10;71.9;Y
1894-11-01 07:00:01;1894-12-01 07:00:00;1894-11;39.5;Y
1894-12-01 07:00:01;1895-01-01 07:00:00;1894-12;64.0;G
1895-01-01 07:00:01;1895-02-01 07:00:00;1895-01;64.0;G
1895-02-01 07:00:01;1895-03-01 07:00:00;1895-02;93.0;G
1895-03-01 07:00:01;1895-04-01 07:00:00;1895-03;35.0;G
1895-04-01 07:00:01;1895-05-01 07:00:00;1895-04;13.0;G
1895-05-01 07:00:01;1895-06-01 07:00:00;1895-05;10.0;G
1895-06-01 07:00:01;1895-07-01 07:00:00;1895-06;15.0;G
1895-07-01 07:00:01;1895-08-01 07:00:00;1895-07;37.0;G
1895-08-01 07:00:01;1895-09-01 07:00:00;1895-08;70.0;G
1895-09-01 07:00:01;1895-10-01 07:00:00;1895-09;17.0;G
1895-10-01 07:00:01;1895-11-01 07:00:00;1895-10;53.0;G
1895-11-01 07:00:01;1895-12-01 07:00:00;1895-11;54.0;G
1895-12-01 07:00:01;1896-01-01 07:00:00;1895-12;24.0;G
1896-01-01 07:00:01;1896-02-01 07:00:00;1896-01;34.0;G
1896-02-01 07:00:01;1896-03-01 07:00:00;1896-02;2.0;G
1896-03-01 07:00:01;1896-04-01 07:00:00;1896-03;36.0;G
1896-04-01 07:00:01;1896-05-01 07:00:00;1896-04;19.0;G
1896-05-01 07:00:01;1896-06-01 07:00:00;1896-05;20.0;G
1896-06-01 07:00:01;1896-07-01 07:00:00;1896-06;10.0;G
1896-07-01 07:00:01;1896-08-01 07:00:00;1896-07;24.0;G
1896-08-01 07:00:01;1896-09-01 07:00:00;1896-08;52.0;G
1896-09-01 07:00:01;1896-10-01 07:00:00;1896-09;24.0;G
1896-10-01 07:00:01;1896-11-01 07:00:00;1896-10;64.0;G
1896-11-01 07:00:01;1896-12-01 07:00:00;1896-11;54.0;G
1896-12-01 07:00:01;1897-01-01 07:00:00;1896-12;71.0;G
1897-01-01 07:00:01;1897-02-01 07:00:00;1897-01;49.0;G
1897-02-01 07:00:01;1897-03-01 07:00:00;1897-02;64.0;G
1897-03-01 07:00:01;1897-04-01 07:00:00;1897-03;58.0;G
1897-04-01 07:00:01;1897-05-01 07:00:00;1897-04;29.0;G
1897-05-01 07:00:01;1897-06-01 07:00:00;1897-05;56.0;G
1897-06-01 07:00:01;1897-07-01 07:00:00;1897-06;11.0;G
1897-07-01 07:00:01;1897-08-01 07:00:00;1897-07;35.0;G
1897-08-01 07:00:01;1897-09-01 07:00:00;1897-08;31.0;G
1897-09-01 07:00:01;1897-10-01 07:00:00;1897-09;31.0;G
1897-10-01 07:00:01;1897-11-01 07:00:00;1897-10;13.0;G
1897-11-01 07:00:01;1897-12-01 07:00:00;1897-11;47.0;G
1897-12-01 07:00:01;1898-01-01 07:00:00;1897-12;23.0;G
1898-01-01 07:00:01;1898-02-01 07:00:00;1898-01;32.0;G
1898-02-01 07:00:01;1898-03-01 07:00:00;1898-02;46.0;G
1898-03-01 07:00:01;1898-04-01 07:00:00;1898-03;64.0;G
1898-04-01 07:00:01;1898-05-01 07:00:00;1898-04;19.0;G
1898-05-01 07:00:01;1898-06-01 07:00:00;1898-05;24.0;G
1898-06-01 07:00:01;1898-07-01 07:00:00;1898-06;33.0;G
1898-07-01 07:00:01;1898-08-01 07:00:00;1898-07;70.0;G
1898-08-01 07:00:01;1898-09-01 07:00:00;1898-08;18.0;G
1898-09-01 07:00:01;1898-10-01 07:00:00;1898-09;22.0;G
1898-10-01 07:00:01;1898-11-01 07:00:00;1898-10;16.0;G
1898-11-01 07:00:01;1898-12-01 07:00:00;1898-11;31.0;G
1898-12-01 07:00:01;1899-01-01 07:00:00;1898-12;75.0;G
1899-01-01 07:00:01;1899-02-01 07:00:00;1899-01;68.0;G
1899-02-01 07:00:01;1899-03-01 07:00:00;1899-02;44.0;G
1899-03-01 07:00:01;1899-04-01 07:00:00;1899-03;51.0;G
1899-04-01 07:00:01;1899-05-01 07:00:00;1899-04;32.0;G
1899-05-01 07:00:01;1899-06-01 07:00:00;1899-05;23.0;G
1899-06-01 07:00:01;1899-07-01 07:00:00;1899-06;28.0;G
1899-07-01 07:00:01;1899-08-01 07:00:00;1899-07;6.0;G
1899-08-01 07:00:01;1899-09-01 07:00:00;1899-08;11.0;G
1899-09-01 07:00:01;1899-10-01 07:00:00;1899-09;50.0;G
1899-10-01 07:00:01;1899-11-01 07:00:00;1899-10;27.0;G
1899-11-01 07:00:01;1899-12-01 07:00:00;1899-11;31.0;G
1899-12-01 07:00:01;1900-01-01 07:00:00;1899-12;23.0;G
1900-01-01 07:00:01;1900-02-01 07:00:00;1900-01;65.0;G
1900-02-01 07:00:01;1900-03-01 07:00:00;1900-02;109.0;G
1900-03-01 07:00:01;1900-04-01 07:00:00;1900-03;31.0;G
1900-04-01 07:00:01;1900-05-01 07:00:00;1900-04;23.0;G
1900-05-01 07:00:01;1900-06-01 07:00:00;1900-05;4.0;G
1900-06-01 07:00:01;1900-07-01 07:00:00;1900-06;34.0;G
1900-07-01 07:00:01;1900-08-01 07:00:00;1900-07;18.0;G
1900-08-01 07:00:01;1900-09-01 07:00:00;1900-08;27.0;G
1900-09-01 07:00:01;1900-10-01 07:00:00;1900-09;50.0;G
1900-10-01 07:00:01;1900-11-01 07:00:00;1900-10;91.0;G
1900-11-01 07:00:01;1900-12-01 07:00:00;1900-11;29.0;G
1900-12-01 07:00:01;1901-01-01 07:00:00;1900-12;59.0;G
1901-01-01 07:00:01;1901-02-01 07:00:00;1901-01;23.0;G
1901-02-01 07:00:01;1901-03-01 07:00:00;1901-02;34.0;G
1901-03-01 07:00:01;1901-04-01 07:00:00;1901-03;12.0;G
1901-04-01 07:00:01;1901-05-01 07:00:00;1901-04;21.0;G
1901-05-01 07:00:01;1901-06-01 07:00:00;1901-05;2.0;G
1901-06-01 07:00:01;1901-07-01 07:00:00;1901-06;21.0;G
1901-07-01 07:00:01;1901-08-01 07:00:00;1901-07;12.0;G
1901-08-01 07:00:01;1901-09-01 07:00:00;1901-08;50.0;G
1901-09-01 07:00:01;1901-10-01 07:00:00;1901-09;21.0;G
1901-10-01 07:00:01;1901-11-01 07:00:00;1901-10;61.0;G
1901-11-01 07:00:01;1901-12-01 07:00:00;1901-11;39.0;G
1901-12-01 07:00:01;1902-01-01 07:00:00;1901-12;64.0;G
1902-01-01 07:00:01;1902-02-01 07:00:00;1902-01;58.0;G
1902-02-01 07:00:01;1902-03-01 07:00:00;1902-02;9.0;G
1902-03-01 07:00:01;1902-04-01 07:00:00;1902-03;41.0;G
1902-04-01 07:00:01;1902-05-01 07:00:00;1902-04;14.0;G
1902-05-01 07:00:01;1902-06-01 07:00:00;1902-05;29.0;G
1902-06-01 07:00:01;1902-07-01 07:00:00;1902-06;50.0;G
1902-07-01 07:00:01;1902-08-01 07:00:00;1902-07;17.0;G
1902-08-01 07:00:01;1902-09-01 07:00:00;1902-08;36.0;G
1902-09-01 07:00:01;1902-10-01 07:00:00;1902-09;27.0;G
1902-10-01 07:00:01;1902-11-01 07:00:00;1902-10;44.0;G
1902-11-01 07:00:01;1902-12-01 07:00:00;1902-11;3.0;G
1902-12-01 07:00:01;1903-01-01 07:00:00;1902-12;62.0;G
1903-01-01 07:00:01;1903-02-01 07:00:00;1903-01;32.0;G
1903-02-01 07:00:01;1903-03-01 07:00:00;1903-02;17.0;G
1903-03-01 07:00:01;1903-04-01 07:00:00;1903-03;13.0;G
1903-04-01 07:00:01;1903-05-01 07:00:00;1903-04;36.0;G
1903-05-01 07:00:01;1903-06-01 07:00:00;1903-05;21.0;G
1903-06-01 07:00:01;1903-07-01 07:00:00;1903-06;9.0;G
1903-07-01 07:00:01;1903-08-01 07:00:00;1903-07;26.0;G
1903-08-01 07:00:01;1903-09-01 07:00:00;1903-08;87.0;G
1903-09-01 07:00:01;1903-10-01 07:00:00;1903-09;32.0;G
1903-10-01 07:00:01;1903-11-01 07:00:00;1903-10;39.0;G
1903-11-01 07:00:01;1903-12-01 07:00:00;1903-11;54.0;G
1903-12-01 07:00:01;1904-01-01 07:00:00;1903-12;28.0;G
1904-01-01 07:00:01;1904-02-01 07:00:00;1904-01;36.0;G
1904-02-01 07:00:01;1904-03-01 07:00:00;1904-02;54.0;G
1904-03-01 07:00:01;1904-04-01 07:00:00;1904-03;26.0;G
1904-04-01 07:00:01;1904-05-01 07:00:00;1904-04;30.0;G
1904-05-01 07:00:01;1904-06-01 07:00:00;1904-05;25.0;G
1904-06-01 07:00:01;1904-07-01 07:00:00;1904-06;23.0;G
1904-07-01 07:00:01;1904-08-01 07:00:00;1904-07;12.0;G
1904-08-01 07:00:01;1904-09-01 07:00:00;1904-08;30.0;G
1904-09-01 07:00:01;1904-10-01 07:00:00;1904-09;26.0;G
1904-10-01 07:00:01;1904-11-01 07:00:00;1904-10;47.0;G
1904-11-01 07:00:01;1904-12-01 07:00:00;1904-11;60.0;G
1904-12-01 07:00:01;1905-01-01 07:00:00;1904-12;57.0;G
1905-01-01 07:00:01;1905-02-01 07:00:00;1905-01;36.0;G
1905-02-01 07:00:01;1905-03-01 07:00:00;1905-02;21.0;G
1905-03-01 07:00:01;1905-04-01 07:00:00;1905-03;18.0;G
1905-04-01 07:00:01;1905-05-01 07:00:00;1905-04;20.0;G
1905-05-01 07:00:01;1905-06-01 07:00:00;1905-05;12.0;G
1905-06-01 07:00:01;1905-07-01 07:00:00;1905-06;30.0;G
1905-07-01 07:00:01;1905-08-01 07:00:00;1905-07;81.0;G
1905-08-01 07:00:01;1905-09-01 07:00:00;1905-08;57.0;G
1905-09-01 07:00:01;1905-10-01 07:00:00;1905-09;27.0;G
1905-10-01 07:00:01;1905-11-01 07:00:00;1905-10;66.0;G
1905-11-01 07:00:01;1905-12-01 07:00:00;1905-11;75.0;G
1905-12-01 07:00:01;1906-01-01 07:00:00;1905-12;7.0;G
1906-01-01 07:00:01;1906-02-01 07:00:00;1906-01;20.0;G
1906-02-01 07:00:01;1906-03-01 07:00:00;1906-02;24.0;G
1906-03-01 07:00:01;1906-04-01 07:00:00;1906-03;55.0;G
1906-04-01 07:00:01;1906-05-01 07:00:00;1906-04;17.0;G
1906-05-01 07:00:01;1906-06-01 07:00:00;1906-05;24.0;G
1906-06-01 07:00:01;1906-07-01 07:00:00;1906-06;47.0;G
1906-07-01 07:00:01;1906-08-01 07:00:00;1906-07;6.0;G
1906-08-01 07:00:01;1906-09-01 07:00:00;1906-08;46.0;G
1906-09-01 07:00:01;1906-10-01 07:00:00;1906-09;12.0;G
1906-10-01 07:00:01;1906-11-01 07:00:00;1906-10;25.0;G
1906-11-01 07:00:01;1906-12-01 07:00:00;1906-11;88.0;G
1906-12-01 07:00:01;1907-01-01 07:00:00;1906-12;35.0;G
1907-01-01 07:00:01;1907-02-01 07:00:00;1907-01;34.0;G
1907-02-01 07:00:01;1907-03-01 07:00:00;1907-02;31.0;G
1907-03-01 07:00:01;1907-04-01 07:00:00;1907-03;30.0;G
1907-04-01 07:00:01;1907-05-01 07:00:00;1907-04;29.0;G
1907-05-01 07:00:01;1907-06-01 07:00:00;1907-05;17.0;G
1907-06-01 07:00:01;1907-07-01 07:00:00;1907-06;43.0;G
1907-07-01 07:00:01;1907-08-01 07:00:00;1907-07;79.0;G
1907-08-01 07:00:01;1907-09-01 07:00:00;1907-08;42.0;G
1907-09-01 07:00:01;1907-10-01 07:00:00;1907-09;13.0;G
1907-10-01 07:00:01;1907-11-01 07:00:00;1907-10;38.0;G
1907-11-01 07:00:01;1907-12-01 07:00:00;1907-11;21.0;G
1907-12-01 07:00:01;1908-01-01 07:00:00;1907-12;55.0;G
1908-01-01 07:00:01;1908-02-01 07:00:00;1908-01;52.0;G
1908-02-01 07:00:01;1908-03-01 07:00:00;1908-02;26.0;G
1908-03-01 07:00:01;1908-04-01 07:00:00;1908-03;28.0;G
1908-04-01 07:00:01;1908-05-01 07:00:00;1908-04;31.0;G
1908-05-01 07:00:01;1908-06-01 07:00:00;1908-05;40.0;G
1908-06-01 07:00:01;1908-07-01 07:00:00;1908-06;39.0;G
1908-07-01 07:00:01;1908-08-01 07:00:00;1908-07;23.0;G
1908-08-01 07:00:01;1908-09-01 07:00:00;1908-08;19.0;G
1908-09-01 07:00:01;1908-10-01 07:00:00;1908-09;47.0;G
1908-10-01 07:00:01;1908-11-01 07:00:00;1908-10;17.0;G
1908-11-01 07:00:01;1908-12-01 07:00:00;1908-11;39.0;G
1908-12-01 07:00:01;1909-01-01 07:00:00;1908-12;23.0;G
1909-01-01 07:00:01;1909-02-01 07:00:00;1909-01;30.0;G
1909-02-01 07:00:01;1909-03-01 07:00:00;1909-02;43.0;G
1909-03-01 07:00:01;1909-04-01 07:00:00;1909-03;97.0;G
1909-04-01 07:00:01;1909-05-01 07:00:00;1909-04;47.0;G
1909-05-01 07:00:01;1909-06-01 07:00:00;1909-05;17.0;G
1909-06-01 07:00:01;1909-07-01 07:00:00;1909-06;20.0;G
1909-07-01 07:00:01;1909-08-01 07:00:00;1909-07;42.0;G
1909-08-01 07:00:01;1909-09-01 07:00:00;1909-08;47.0;G
1909-09-01 07:00:01;1909-10-01 07:00:00;1909-09;18.0;G
1909-10-01 07:00:01;1909-11-01 07:00:00;1909-10;15.0;G
1909-11-01 07:00:01;1909-12-01 07:00:00;1909-11;55.0;G
1909-12-01 07:00:01;1910-01-01 07:00:00;1909-12;42.0;G
1910-01-01 07:00:01;1910-02-01 07:00:00;1910-01;73.0;G
1910-02-01 07:00:01;1910-03-01 07:00:00;1910-02;46.0;G
1910-03-01 07:00:01;1910-04-01 07:00:00;1910-03;25.0;G
1910-04-01 07:00:01;1910-05-01 07:00:00;1910-04;29.0;G
1910-05-01 07:00:01;1910-06-01 07:00:00;1910-05;23.0;G
1910-06-01 07:00:01;1910-07-01 07:00:00;1910-06;28.0;G
1910-07-01 07:00:01;1910-08-01 07:00:00;1910-07;71.0;G
1910-08-01 07:00:01;1910-09-01 07:00:00;1910-08;57.0;G
1910-09-01 07:00:01;1910-10-01 07:00:00;1910-09;57.0;G
1910-10-01 07:00:01;1910-11-01 07:00:00;1910-10;16.0;G
1910-11-01 07:00:01;1910-12-01 07:00:00;1910-11;98.0;G
1910-12-01 07:00:01;1911-01-01 07:00:00;1910-12;29.0;G
1911-01-01 07:00:01;1911-02-01 07:00:00;1911-01;40.0;G
1911-02-01 07:00:01;1911-03-01 07:00:00;1911-02;16.0;G
1911-03-01 07:00:01;1911-04-01 07:00:00;1911-03;24.0;G
1911-04-01 07:00:01;1911-05-01 07:00:00;1911-04;23.0;G
1911-05-01 07:00:01;1911-06-01 07:00:00;1911-05;6.0;G
1911-06-01 07:00:01;1911-07-01 07:00:00;1911-06;7.0;G
1911-07-01 07:00:01;1911-08-01 07:00:00;1911-07;15.0;G
1911-08-01 07:00:01;1911-09-01 07:00:00;1911-08;27.0;G
1911-09-01 07:00:01;1911-10-01 07:00:00;1911-09;5.0;G
1911-10-01 07:00:01;1911-11-01 07:00:00;1911-10;43.0;G
1911-11-01 07:00:01;1911-12-01 07:00:00;1911-11;35.0;G
1911-12-01 07:00:01;1912-01-01 07:00:00;1911-12;35.0;G
1912-01-01 07:00:01;1912-02-01 07:00:00;1912-01;14.0;G
1912-02-01 07:00:01;1912-03-01 07:00:00;1912-02;25.0;G
1912-03-01 07:00:01;1912-04-01 07:00:00;1912-03;39.0;G
1912-04-01 07:00:01;1912-05-01 07:00:00;1912-04;19.0;G
1912-05-01 07:00:01;1912-06-01 07:00:00;1912-05;44.0;G
1912-06-01 07:00:01;1912-07-01 07:00:00;1912-06;53.0;G
1912-07-01 07:00:01;1912-08-01 07:00:00;1912-07;5.0;G
1912-08-01 07:00:01;1912-09-01 07:00:00;1912-08;174.0;G
1912-09-01 07:00:01;1912-10-01 07:00:00;1912-09;31.0;G
1912-10-01 07:00:01;1912-11-01 07:00:00;1912-10;67.0;G
1912-11-01 07:00:01;1912-12-01 07:00:00;1912-11;29.0;G
1912-12-01 07:00:01;1913-01-01 07:00:00;1912-12;50.0;G
1913-01-01 07:00:01;1913-02-01 07:00:00;1913-01;16.0;G
1913-02-01 07:00:01;1913-03-01 07:00:00;1913-02;11.0;G
1913-03-01 07:00:01;1913-04-01 07:00:00;1913-03;21.0;G
1913-04-01 07:00:01;1913-05-01 07:00:00;1913-04;16.0;G
1913-05-01 07:00:01;1913-06-01 07:00:00;1913-05;2.0;G
1913-06-01 07:00:01;1913-07-01 07:00:00;1913-06;18.0;G
1913-07-01 07:00:01;1913-08-01 07:00:00;1913-07;30.0;G
1913-08-01 07:00:01;1913-09-01 07:00:00;1913-08;61.0;G
1913-09-01 07:00:01;1913-10-01 07:00:00;1913-09;200.0;G
1913-10-01 07:00:01;1913-11-01 07:00:00;1913-10;56.0;G
1913-11-01 07:00:01;1913-12-01 07:00:00;1913-11;81.0;G
1913-12-01 07:00:01;1914-01-01 07:00:00;1913-12;32.0;G
1914-01-01 07:00:01;1914-02-01 07:00:00;1914-01;27.0;G
1914-02-01 07:00:01;1914-03-01 07:00:00;1914-02;9.0;G
1914-03-01 07:00:01;1914-04-01 07:00:00;1914-03;21.0;G
1914-04-01 07:00:01;1914-05-01 07:00:00;1914-04;16.0;G
1914-05-01 07:00:01;1914-06-01 07:00:00;1914-05;39.0;G
1914-06-01 07:00:01;1914-07-01 07:00:00;1914-06;8.0;G
1914-07-01 07:00:01;1914-08-01 07:00:00;1914-07;24.0;G
1914-08-01 07:00:01;1914-09-01 07:00:00;1914-08;41.0;G
1914-09-01 07:00:01;1914-10-01 07:00:00;1914-09;60.0;G
1914-10-01 07:00:01;1914-11-01 07:00:00;1914-10;16.0;G
1914-11-01 07:00:01;1914-12-01 07:00:00;1914-11;34.0;G
1914-12-01 07:00:01;1915-01-01 07:00:00;1914-12;40.0;G
1915-01-01 07:00:01;1915-02-01 07:00:00;1915-01;38.0;G
1915-02-01 07:00:01;1915-03-01 07:00:00;1915-02;18.0;G
1915-03-01 07:00:01;1915-04-01 07:00:00;1915-03;11.0;G
1915-04-01 07:00:01;1915-05-01 07:00:00;1915-04;23.0;G
1915-05-01 07:00:01;1915-06-01 07:00:00;1915-05;33.0;G
1915-06-01 07:00:01;1915-07-01 07:00:00;1915-06;12.0;G
1915-07-01 07:00:01;1915-08-01 07:00:00;1915-07;51.0;G
1915-08-01 07:00:01;1915-09-01 07:00:00;1915-08;45.0;G
1915-09-01 07:00:01;1915-10-01 07:00:00;1915-09;13.0;G
1915-10-01 07:00:01;1915-11-01 07:00:00;1915-10;15.0;G
1915-11-01 07:00:01;1915-12-01 07:00:00;1915-11;53.0;G
1915-12-01 07:00:01;1916-01-01 07:00:00;1915-12;32.0;G
1916-01-01 07:00:01;1916-02-01 07:00:00;1916-01;57.0;G
1916-02-01 07:00:01;1916-03-01 07:00:00;1916-02;20.0;G
1916-03-01 07:00:01;1916-04-01 07:00:00;1916-03;21.0;G
1916-04-01 07:00:01;1916-05-01 07:00:00;1916-04;12.0;G
1916-05-01 07:00:01;1916-06-01 07:00:00;1916-05;13.0;G
1916-06-01 07:00:01;1916-07-01 07:00:00;1916-06;20.0;G
1916-07-01 07:00:01;1916-08-01 07:00:00;1916-07;68.0;G
1916-08-01 07:00:01;1916-09-01 07:00:00;1916-08;63.0;G
1916-09-01 07:00:01;1916-10-01 07:00:00;1916-09;33.0;G
1916-10-01 07:00:01;1916-11-01 07:00:00;1916-10;93.0;G
1916-11-01 07:00:01;1916-12-01 07:00:00;1916-11;24.0;G
1916-12-01 07:00:01;1917-01-01 07:00:00;1916-12;60.0;G
1917-01-01 07:00:01;1917-02-01 07:00:00;1917-01;24.0;G
1917-02-01 07:00:01;1917-03-01 07:00:00;1917-02;5.0;G
1917-03-01 07:00:01;1917-04-01 07:00:00;1917-03;15.0;G
1917-04-01 07:00:01;1917-05-01 07:00:00;1917-04;47.0;G
1917-05-01 07:00:01;1917-06-01 07:00:00;1917-05;23.0;G
1917-06-01 07:00:01;1917-07-01 07:00:00;1917-06;2.0;G
1917-07-01 07:00:01;1917-08-01 07:00:00;1917-07;14.0;G
1917-08-01 07:00:01;1917-09-01 07:00:00;1917-08;23.0;G
1917-09-01 07:00:01;1917-10-01 07:00:00;1917-09;26.0;G
1917-10-01 07:00:01;1917-11-01 07:00:00;1917-10;33.0;G
1917-11-01 07:00:01;1917-12-01 07:00:00;1917-11;66.0;G
1917-12-01 07:00:01;1918-01-01 07:00:00;1917-12;41.0;G
1918-01-01 07:00:01;1918-02-01 07:00:00;1918-01;47.0;G
1918-02-01 07:00:01;1918-03-01 07:00:00;1918-02;34.0;G
1918-03-01 07:00:01;1918-04-01 07:00:00;1918-03;1.0;G
1918-04-01 07:00:01;1918-05-01 07:00:00;1918-04;11.0;G
1918-05-01 07:00:01;1918-06-01 07:00:00;1918-05;8.0;G
1918-06-01 07:00:01;1918-07-01 07:00:00;1918-06;18.0;G
1918-07-01 07:00:01;1918-08-01 07:00:00;1918-07;15.0;G
1918-08-01 07:00:01;1918-09-01 07:00:00;1918-08;33.0;G
1918-09-01 07:00:01;1918-10-01 07:00:00;1918-09;92.0;G
1918-10-01 07:00:01;1918-11-01 07:00:00;1918-10;34.0;G
1918-11-01 07:00:01;1918-12-01 07:00:00;1918-11;10.0;G
1918-12-01 07:00:01;1919-01-01 07:00:00;1918-12;45.0;G
1919-01-01 07:00:01;1919-02-01 07:00:00;1919-01;35.0;G
1919-02-01 07:00:01;1919-03-01 07:00:00;1919-02;23.0;G
1919-03-01 07:00:01;1919-04-01 07:00:00;1919-03;11.0;G
1919-04-01 07:00:01;1919-05-01 07:00:00;1919-04;17.0;G
1919-05-01 07:00:01;1919-06-01 07:00:00;1919-05;25.0;G
1919-06-01 07:00:01;1919-07-01 07:00:00;1919-06;42.0;G
1919-07-01 07:00:01;1919-08-01 07:00:00;1919-07;42.0;G
1919-08-01 07:00:01;1919-09-01 07:00:00;1919-08;44.0;G
1919-09-01 07:00:01;1919-10-01 07:00:00;1919-09;35.0;G
1919-10-01 07:00:01;1919-11-01 07:00:00;1919-10;54.0;G
1919-11-01 07:00:01;1919-12-01 07:00:00;1919-11;47.0;G
1919-12-01 07:00:01;1920-01-01 07:00:00;1919-12;34.0;G
1920-01-01 07:00:01;1920-02-01 07:00:00;1920-01;39.0;G
1920-02-01 07:00:01;1920-03-01 07:00:00;1920-02;23.0;G
1920-03-01 07:00:01;1920-04-01 07:00:00;1920-03;11.0;G
1920-04-01 07:00:01;1920-05-01 07:00:00;1920-04;81.0;G
1920-05-01 07:00:01;1920-06-01 07:00:00;1920-05;31.0;G
1920-06-01 07:00:01;1920-07-01 07:00:00;1920-06;13.0;G
1920-07-01 07:00:01;1920-08-01 07:00:00;1920-07;17.0;G
1920-08-01 07:00:01;1920-09-01 07:00:00;1920-08;67.0;G
1920-09-01 07:00:01;1920-10-01 07:00:00;1920-09;32.0;G
1920-10-01 07:00:01;1920-11-01 07:00:00;1920-10;7.0;G
1920-11-01 07:00:01;1920-12-01 07:00:00;1920-11;13.0;G
1920-12-01 07:00:01;1921-01-01 07:00:00;1920-12;16.0;G
1921-01-01 07:00:01;1921-02-01 07:00:00;1921-01;57.0;G
1921-02-01 07:00:01;1921-03-01 07:00:00;1921-02;1.0;G
1921-03-01 07:00:01;1921-04-01 07:00:00;1921-03;13.0;G
1921-04-01 07:00:01;1921-05-01 07:00:00;1921-04;30.0;G
1921-05-01 07:00:01;1921-06-01 07:00:00;1921-05;5.0;G
1921-06-01 07:00:01;1921-07-01 07:00:00;1921-06;20.0;G
1921-07-01 07:00:01;1921-08-01 07:00:00;1921-07;12.0;G
1921-08-01 07:00:01;1921-09-01 07:00:00;1921-08;25.0;G
1921-09-01 07:00:01;1921-10-01 07:00:00;1921-09;20.0;G
1921-10-01 07:00:01;1921-11-01 07:00:00;1921-10;28.0;G
1921-11-01 07:00:01;1921-12-01 07:00:00;1921-11;22.0;G
1921-12-01 07:00:01;1922-01-01 07:00:00;1921-12;59.0;G
1922-01-01 07:00:01;1922-02-01 07:00:00;1922-01;26.0;G
1922-02-01 07:00:01;1922-03-01 07:00:00;1922-02;20.0;G
1922-03-01 07:00:01;1922-04-01 07:00:00;1922-03;30.0;G
1922-04-01 07:00:01;1922-05-01 07:00:00;1922-04;44.0;G
1922-05-01 07:00:01;1922-06-01 07:00:00;1922-05;7.0;G
1922-06-01 07:00:01;1922-07-01 07:00:00;1922-06;29.0;G
1922-07-01 07:00:01;1922-08-01 07:00:00;1922-07;25.0;G
1922-08-01 07:00:01;1922-09-01 07:00:00;1922-08;58.0;G
1922-09-01 07:00:01;1922-10-01 07:00:00;1922-09;52.0;G
1922-10-01 07:00:01;1922-11-01 07:00:00;1922-10;21.0;G
1922-11-01 07:00:01;1922-12-01 07:00:00;1922-11;16.0;G
1922-12-01 07:00:01;1923-01-01 07:00:00;1922-12;33.0;G
1923-01-01 07:00:01;1923-02-01 07:00:00;1923-01;31.0;G
1923-02-01 07:00:01;1923-03-01 07:00:00;1923-02;28.0;G
1923-03-01 07:00:01;1923-04-01 07:00:00;1923-03;2.0;G
1923-04-01 07:00:01;1923-05-01 07:00:00;1923-04;25.0;G
1923-05-01 07:00:01;1923-06-01 07:00:00;1923-05;49.0;G
1923-06-01 07:00:01;1923-07-01 07:00:00;1923-06;36.0;G
1923-07-01 07:00:01;1923-08-01 07:00:00;1923-07;24.0;G
1923-08-01 07:00:01;1923-09-01 07:00:00;1923-08;95.0;G
1923-09-01 07:00:01;1923-10-01 07:00:00;1923-09;49.0;G
1923-10-01 07:00:01;1923-11-01 07:00:00;1923-10;37.0;G
1923-11-01 07:00:01;1923-12-01 07:00:00;1923-11;97.0;G
1923-12-01 07:00:01;1924-01-01 07:00:00;1923-12;41.0;G
1924-01-01 07:00:01;1924-02-01 07:00:00;1924-01;17.0;G
1924-02-01 07:00:01;1924-03-01 07:00:00;1924-02;25.0;G
1924-03-01 07:00:01;1924-04-01 07:00:00;1924-03;29.0;G
1924-04-01 07:00:01;1924-05-01 07:00:00;1924-04;19.0;G
1924-05-01 07:00:01;1924-06-01 07:00:00;1924-05;39.0;G
1924-06-01 07:00:01;1924-07-01 07:00:00;1924-06;32.0;G
1924-07-01 07:00:01;1924-08-01 07:00:00;1924-07;49.0;G
1924-08-01 07:00:01;1924-09-01 07:00:00;1924-08;22.0;G
1924-09-01 07:00:01;1924-10-01 07:00:00;1924-09;86.0;G
1924-10-01 07:00:01;1924-11-01 07:00:00;1924-10;15.0;G
1924-11-01 07:00:01;1924-12-01 07:00:00;1924-11;23.0;G
1924-12-01 07:00:01;1925-01-01 07:00:00;1924-12;18.0;G
1925-01-01 07:00:01;1925-02-01 07:00:00;1925-01;39.0;G
1925-02-01 07:00:01;1925-03-01 07:00:00;1925-02;31.0;G
1925-03-01 07:00:01;1925-04-01 07:00:00;1925-03;35.0;G
1925-04-01 07:00:01;1925-05-01 07:00:00;1925-04;47.0;G
1925-05-01 07:00:01;1925-06-01 07:00:00;1925-05;18.0;G
1925-06-01 07:00:01;1925-07-01 07:00:00;1925-06;66.0;G
1925-07-01 07:00:01;1925-08-01 07:00:00;1925-07;26.0;G
1925-08-01 07:00:01;1925-09-01 07:00:00;1925-08;25.0;G
1925-09-01 07:00:01;1925-10-01 07:00:00;1925-09;91.0;G
1925-10-01 07:00:01;1925-11-01 07:00:00;1925-10;52.0;G
1925-11-01 07:00:01;1925-12-01 07:00:00;1925-11;24.0;G
1925-12-01 07:00:01;1926-01-01 07:00:00;1925-12;22.0;G
1926-01-01 07:00:01;1926-02-01 07:00:00;1926-01;21.0;G
1926-02-01 07:00:01;1926-03-01 07:00:00;1926-02;40.0;G
1926-03-01 07:00:01;1926-04-01 07:00:00;1926-03;17.0;G
1926-04-01 07:00:01;1926-05-01 07:00:00;1926-04;25.0;G
1926-05-01 07:00:01;1926-06-01 07:00:00;1926-05;64.0;G
1926-06-01 07:00:01;1926-07-01 07:00:00;1926-06;33.0;G
1926-07-01 07:00:01;1926-08-01 07:00:00;1926-07;10.0;G
1926-08-01 07:00:01;1926-09-01 07:00:00;1926-08;53.0;G
1926-09-01 07:00:01;1926-10-01 07:00:00;1926-09;47.0;G
1926-10-01 07:00:01;1926-11-01 07:00:00;1926-10;81.0;G
1926-11-01 07:00:01;1926-12-01 07:00:00;1926-11;31.0;G
1926-12-01 07:00:01;1927-01-01 07:00:00;1926-12;46.0;G
1927-01-01 07:00:01;1927-02-01 07:00:00;1927-01;16.0;G
1927-02-01 07:00:01;1927-03-01 07:00:00;1927-02;10.0;G
1927-03-01 07:00:01;1927-04-01 07:00:00;1927-03;27.0;G
1927-04-01 07:00:01;1927-05-01 07:00:00;1927-04;41.0;G
1927-05-01 07:00:01;1927-06-01 07:00:00;1927-05;30.0;G
1927-06-01 07:00:01;1927-07-01 07:00:00;1927-06;56.0;G
1927-07-01 07:00:01;1927-08-01 07:00:00;1927-07;69.0;G
1927-08-01 07:00:01;1927-09-01 07:00:00;1927-08;53.0;G
1927-09-01 07:00:01;1927-10-01 07:00:00;1927-09;49.0;G
1927-10-01 07:00:01;1927-11-01 07:00:00;1927-10;60.0;G
1927-11-01 07:00:01;1927-12-01 07:00:00;1927-11;22.0;G
1927-12-01 07:00:01;1928-01-01 07:00:00;1927-12;16.0;G
1928-01-01 07:00:01;1928-02-01 07:00:00;1928-01;34.0;G
1928-02-01 07:00:01;1928-03-01 07:00:00;1928-02;15.0;G
1928-03-01 07:00:01;1928-04-01 07:00:00;1928-03;8.0;G
1928-04-01 07:00:01;1928-05-01 07:00:00;1928-04;46.0;G
1928-05-01 07:00:01;1928-06-01 07:00:00;1928-05;21.0;G
1928-06-01 07:00:01;1928-07-01 07:00:00;1928-06;81.0;G
1928-07-01 07:00:01;1928-08-01 07:00:00;1928-07;26.0;G
1928-08-01 07:00:01;1928-09-01 07:00:00;1928-08;96.0;G
1928-09-01 07:00:01;1928-10-01 07:00:00;1928-09;52.0;G
1928-10-01 07:00:01;1928-11-01 07:00:00;1928-10;45.0;G
1928-11-01 07:00:01;1928-12-01 07:00:00;1928-11;108.0;G
1928-12-01 07:00:01;1929-01-01 07:00:00;1928-12;26.0;G
1929-01-01 07:00:01;1929-02-01 07:00:00;1929-01;40.0;G
1929-02-01 07:00:01;1929-03-01 07:00:00;1929-02;22.0;G
1929-03-01 07:00:01;1929-04-01 07:00:00;1929-03;22.0;G
1929-04-01 07:00:01;1929-05-01 07:00:00;1929-04;24.0;G
1929-05-01 07:00:01;1929-06-01 07:00:00;1929-05;12.0;G
1929-06-01 07:00:01;1929-07-01 07:00:00;1929-06;21.0;G
1929-07-01 07:00:01;1929-08-01 07:00:00;1929-07;101.0;G
1929-08-01 07:00:01;1929-09-01 07:00:00;1929-08;27.0;G
1929-09-01 07:00:01;1929-10-01 07:00:00;1929-09;65.0;G
1929-10-01 07:00:01;1929-11-01 07:00:00;1929-10;70.0;G
1929-11-01 07:00:01;1929-12-01 07:00:00;1929-11;43.0;G
1929-12-01 07:00:01;1930-01-01 07:00:00;1929-12;47.0;G
1930-01-01 07:00:01;1930-02-01 07:00:00;1930-01;6.0;G
1930-02-01 07:00:01;1930-03-01 07:00:00;1930-02;12.0;G
1930-03-01 07:00:01;1930-04-01 07:00:00;1930-03;38.0;G
1930-04-01 07:00:01;1930-05-01 07:00:00;1930-04;19.0;G
1930-05-01 07:00:01;1930-06-01 07:00:00;1930-05;26.0;G
1930-06-01 07:00:01;1930-07-01 07:00:00;1930-06;21.0;G
1930-07-01 07:00:01;1930-08-01 07:00:00;1930-07;60.0;G
1930-08-01 07:00:01;1930-09-01 07:00:00;1930-08;89.0;G
1930-09-01 07:00:01;1930-10-01 07:00:00;1930-09;43.0;G
1930-10-01 07:00:01;1930-11-01 07:00:00;1930-10;57.0;G
1930-11-01 07:00:01;1930-12-01 07:00:00;1930-11;63.0;G
1930-12-01 07:00:01;1931-01-01 07:00:00;1930-12;19.0;G
1931-01-01 07:00:01;1931-02-01 07:00:00;1931-01;72.0;G
1931-02-01 07:00:01;1931-03-01 07:00:00;1931-02;15.0;G
1931-03-01 07:00:01;1931-04-01 07:00:00;1931-03;24.0;G
1931-04-01 07:00:01;1931-05-01 07:00:00;1931-04;37.0;G
1931-05-01 07:00:01;1931-06-01 07:00:00;1931-05;39.0;G
1931-06-01 07:00:01;1931-07-01 07:00:00;1931-06;6.0;G
1931-07-01 07:00:01;1931-08-01 07:00:00;1931-07;51.0;G
1931-08-01 07:00:01;1931-09-01 07:00:00;1931-08;24.0;G
1931-09-01 07:00:01;1931-10-01 07:00:00;1931-09;28.0;G
1931-10-01 07:00:01;1931-11-01 07:00:00;1931-10;34.0;G
1931-11-01 07:00:01;1931-12-01 07:00:00;1931-11;15.0;G
1931-12-01 07:00:01;1932-01-01 07:00:00;1931-12;25.0;G
1932-01-01 07:00:01;1932-02-01 07:00:00;1932-01;20.0;G
1932-02-01 07:00:01;1932-03-01 07:00:00;1932-02;8.0;G
1932-03-01 07:00:01;1932-04-01 07:00:00;1932-03;18.0;G
1932-04-01 07:00:01;1932-05-01 07:00:00;1932-04;38.0;G
1932-05-01 07:00:01;1932-06-01 07:00:00;1932-05;120.0;G
1932-06-01 07:00:01;1932-07-01 07:00:00;1932-06;11.0;G
1932-07-01 07:00:01;1932-08-01 07:00:00;1932-07;20.0;G
1932-08-01 07:00:01;1932-09-01 07:00:00;1932-08;45.0;G
1932-09-01 07:00:01;1932-10-01 07:00:00;1932-09;60.0;G
1932-10-01 07:00:01;1932-11-01 07:00:00;1932-10;107.0;G
1932-11-01 07:00:01;1932-12-01 07:00:00;1932-11;22.0;G
1932-12-01 07:00:01;1933-01-01 07:00:00;1932-12;12.0;G
1933-01-01 07:00:01;1933-02-01 07:00:00;1933-01;22.0;G
1933-02-01 07:00:01;1933-03-01 07:00:00;1933-02;32.0;G
1933-03-01 07:00:01;1933-04-01 07:00:00;1933-03;22.0;G
1933-04-01 07:00:01;1933-05-01 07:00:00;1933-04;28.0;G
1933-05-01 07:00:01;1933-06-01 07:00:00;1933-05;44.0;G
1933-06-01 07:00:01;1933-07-01 07:00:00;1933-06;81.0;G
1933-07-01 07:00:01;1933-08-01 07:00:00;1933-07;52.0;G
1933-08-01 07:00:01;1933-09-01 07:00:00;1933-08;10.0;G
1933-09-01 07:00:01;1933-10-01 07:00:00;1933-09;94.0;G
1933-10-01 07:00:01;1933-11-01 07:00:00;1933-10;66.0;G
1933-11-01 07:00:01;1933-12-01 07:00:00;1933-11;43.0;G
1933-12-01 07:00:01;1934-01-01 07:00:00;1933-12;27.0;G
1934-01-01 07:00:01;1934-02-01 07:00:00;1934-01;19.0;G
1934-02-01 07:00:01;1934-03-01 07:00:00;1934-02;23.0;G
1934-03-01 07:00:01;1934-04-01 07:00:00;1934-03;33.0;G
1934-04-01 07:00:01;1934-05-01 07:00:00;1934-04;24.0;G
1934-05-01 07:00:01;1934-06-01 07:00:00;1934-05;21.0;G
1934-06-01 07:00:01;1934-07-01 07:00:00;1934-06;41.0;G
1934-07-01 07:00:01;1934-08-01 07:00:00;1934-07;76.0;G
1934-08-01 07:00:01;1934-09-01 07:00:00;1934-08;50.0;G
1934-09-01 07:00:01;1934-10-01 07:00:00;1934-09;23.0;G
1934-10-01 07:00:01;1934-11-01 07:00:00;1934-10;81.0;G
1934-11-01 07:00:01;1934-12-01 07:00:00;1934-11;38.0;G
1934-12-01 07:00:01;1935-01-01 07:00:00;1934-12;32.0;G
1935-01-01 07:00:01;1935-02-01 07:00:00;1935-01;30.0;G
1935-02-01 07:00:01;1935-03-01 07:00:00;1935-02;45.0;G
1935-03-01 07:00:01;1935-04-01 07:00:00;1935-03;21.0;G
1935-04-01 07:00:01;1935-05-01 07:00:00;1935-04;32.0;G
1935-05-01 07:00:01;1935-06-01 07:00:00;1935-05;31.0;G
1935-06-01 07:00:01;1935-07-01 07:00:00;1935-06;25.0;G
1935-07-01 07:00:01;1935-08-01 07:00:00;1935-07;77.0;G
1935-08-01 07:00:01;1935-09-01 07:00:00;1935-08;67.0;G
1935-09-01 07:00:01;1935-10-01 07:00:00;1935-09;61.0;G
1935-10-01 07:00:01;1935-11-01 07:00:00;1935-10;89.0;G
1935-11-01 07:00:01;1935-12-01 07:00:00;1935-11;25.0;G
1935-12-01 07:00:01;1936-01-01 07:00:00;1935-12;38.0;G
1936-01-01 07:00:01;1936-02-01 07:00:00;1936-01;37.0;G
1936-02-01 07:00:01;1936-03-01 07:00:00;1936-02;20.0;G
1936-03-01 07:00:01;1936-04-01 07:00:00;1936-03;36.0;G
1936-04-01 07:00:01;1936-05-01 07:00:00;1936-04;53.0;G
1936-05-01 07:00:01;1936-06-01 07:00:00;1936-05;41.0;G
1936-06-01 07:00:01;1936-07-01 07:00:00;1936-06;19.0;G
1936-07-01 07:00:01;1936-08-01 07:00:00;1936-07;70.0;G
1936-08-01 07:00:01;1936-09-01 07:00:00;1936-08;26.0;G
1936-09-01 07:00:01;1936-10-01 07:00:00;1936-09;25.0;G
1936-10-01 07:00:01;1936-11-01 07:00:00;1936-10;61.0;G
1936-11-01 07:00:01;1936-12-01 07:00:00;1936-11;36.0;G
1936-12-01 07:00:01;1937-01-01 07:00:00;1936-12;12.0;G
1937-01-01 07:00:01;1937-02-01 07:00:00;1937-01;19.0;G
1937-02-01 07:00:01;1937-03-01 07:00:00;1937-02;33.0;G
1937-03-01 07:00:01;1937-04-01 07:00:00;1937-03;28.0;G
1937-04-01 07:00:01;1937-05-01 07:00:00;1937-04;16.0;G
1937-05-01 07:00:01;1937-06-01 07:00:00;1937-05;15.0;G
1937-06-01 07:00:01;1937-07-01 07:00:00;1937-06;32.0;G
1937-07-01 07:00:01;1937-08-01 07:00:00;1937-07;99.0;G
1937-08-01 07:00:01;1937-09-01 07:00:00;1937-08;47.0;G
1937-09-01 07:00:01;1937-10-01 07:00:00;1937-09;84.0;G
1937-10-01 07:00:01;1937-11-01 07:00:00;1937-10;8.0;G
1937-11-01 07:00:01;1937-12-01 07:00:00;1937-11;54.0;G
1937-12-01 07:00:01;1938-01-01 07:00:00;1937-12;41.0;G
1938-01-01 07:00:01;1938-02-01 07:00:00;1938-01;32.0;G
1938-02-01 07:00:01;1938-03-01 07:00:00;1938-02;10.0;G
1938-03-01 07:00:01;1938-04-01 07:00:00;1938-03;18.0;G
1938-04-01 07:00:01;1938-05-01 07:00:00;1938-04;14.0;G
1938-05-01 07:00:01;1938-06-01 07:00:00;1938-05;18.0;G
1938-06-01 07:00:01;1938-07-01 07:00:00;1938-06;12.0;G
1938-07-01 07:00:01;1938-08-01 07:00:00;1938-07;50.0;G
1938-08-01 07:00:01;1938-09-01 07:00:00;1938-08;21.0;G
1938-09-01 07:00:01;1938-10-01 07:00:00;1938-09;15.0;G
1938-10-01 07:00:01;1938-11-01 07:00:00;1938-10;39.0;G
1938-11-01 07:00:01;1938-12-01 07:00:00;1938-11;16.0;G
1938-12-01 07:00:01;1939-01-01 07:00:00;1938-12;18.0;G
1939-01-01 07:00:01;1939-02-01 07:00:00;1939-01;61.0;G
1939-02-01 07:00:01;1939-03-01 07:00:00;1939-02;14.0;G
1939-03-01 07:00:01;1939-04-01 07:00:00;1939-03;18.0;G
1939-04-01 07:00:01;1939-05-01 07:00:00;1939-04;31.0;G
1939-05-01 07:00:01;1939-06-01 07:00:00;1939-05;1.0;G
1939-06-01 07:00:01;1939-07-01 07:00:00;1939-06;16.0;G
1939-07-01 07:00:01;1939-08-01 07:00:00;1939-07;28.0;G
1939-08-01 07:00:01;1939-09-01 07:00:00;1939-08;47.0;G
1939-09-01 07:00:01;1939-10-01 07:00:00;1939-09;21.0;G
1939-10-01 07:00:01;1939-11-01 07:00:00;1939-10;31.0;G
1939-11-01 07:00:01;1939-12-01 07:00:00;1939-11;38.0;G
1939-12-01 07:00:01;1940-01-01 07:00:00;1939-12;12.0;G
1940-01-01 07:00:01;1940-02-01 07:00:00;1940-01;23.0;G
1940-02-01 07:00:01;1940-03-01 07:00:00;1940-02;20.0;G
1940-03-01 07:00:01;1940-04-01 07:00:00;1940-03;45.0;G
1940-04-01 07:00:01;1940-05-01 07:00:00;1940-04;18.0;G
1940-05-01 07:00:01;1940-06-01 07:00:00;1940-05;4.0;G
1940-06-01 07:00:01;1940-07-01 07:00:00;1940-06;6.0;G
1940-07-01 07:00:01;1940-08-01 07:00:00;1940-07;27.0;G
1940-08-01 07:00:01;1940-09-01 07:00:00;1940-08;49.0;G
1940-09-01 07:00:01;1940-10-01 07:00:00;1940-09;50.0;G
1940-10-01 07:00:01;1940-11-01 07:00:00;1940-10;28.0;G
1940-11-01 07:00:01;1940-12-01 07:00:00;1940-11;50.0;G
1940-12-01 07:00:01;1941-01-01 07:00:00;1940-12;15.0;G
1941-01-01 07:00:01;1941-02-01 07:00:00;1941-01;19.0;G
1941-02-01 07:00:01;1941-03-01 07:00:00;1941-02;40.0;G
1941-03-01 07:00:01;1941-04-01 07:00:00;1941-03;27.0;G
1941-04-01 07:00:01;1941-05-01 07:00:00;1941-04;12.0;G
1941-05-01 07:00:01;1941-06-01 07:00:00;1941-05;8.0;G
1941-06-01 07:00:01;1941-07-01 07:00:00;1941-06;24.0;G
1941-07-01 07:00:01;1941-08-01 07:00:00;1941-07;10.0;G
1941-08-01 07:00:01;1941-09-01 07:00:00;1941-08;89.0;G
1941-09-01 07:00:01;1941-10-01 07:00:00;1941-09;28.0;G
1941-10-01 07:00:01;1941-11-01 07:00:00;1941-10;66.0;G
1941-11-01 07:00:01;1941-12-01 07:00:00;1941-11;16.0;G
1941-12-01 07:00:01;1942-01-01 07:00:00;1941-12;61.0;G
1942-01-01 07:00:01;1942-02-01 07:00:00;1942-01;19.0;G
1942-02-01 07:00:01;1942-03-01 07:00:00;1942-02;14.0;G
1942-03-01 07:00:01;1942-04-01 07:00:00;1942-03;3.0;G
1942-04-01 07:00:01;1942-05-01 07:00:00;1942-04;9.0;G
1942-05-01 07:00:01;1942-06-01 07:00:00;1942-05;75.0;G
1942-06-01 07:00:01;1942-07-01 07:00:00;1942-06;12.0;G
1942-07-01 07:00:01;1942-08-01 07:00:00;1942-07;63.0;G
1942-08-01 07:00:01;1942-09-01 07:00:00;1942-08;20.0;G
1942-09-01 07:00:01;1942-10-01 07:00:00;1942-09;60.0;G
1942-10-01 07:00:01;1942-11-01 07:00:00;1942-10;27.0;G
1942-11-01 07:00:01;1942-12-01 07:00:00;1942-11;19.0;G
1942-12-01 07:00:01;1943-01-01 07:00:00;1942-12;44.0;G
1943-01-01 07:00:01;1943-02-01 07:00:00;1943-01;33.0;G
1943-02-01 07:00:01;1943-03-01 07:00:00;1943-02;22.0;G
1943-03-01 07:00:01;1943-04-01 07:00:00;1943-03;3.0;G
1943-04-01 07:00:01;1943-05-01 07:00:00;1943-04;18.0;G
1943-05-01 07:00:01;1943-06-01 07:00:00;1943-05;12.0;G
1943-06-01 07:00:01;1943-07-01 07:00:00;1943-06;11.0;G
1943-07-01 07:00:01;1943-08-01 07:00:00;1943-07;18.0;G
1943-08-01 07:00:01;1943-09-01 07:00:00;1943-08;70.0;G
1943-09-01 07:00:01;1943-10-01 07:00:00;1943-09;72.0;G
1943-10-01 07:00:01;1943-11-01 07:00:00;1943-10;35.0;G
1943-11-01 07:00:01;1943-12-01 07:00:00;1943-11;80.0;G
1943-12-01 07:00:01;1944-01-01 07:00:00;1943-12;21.0;G
1944-01-01 07:00:01;1944-02-01 07:00:00;1944-01;51.0;G
1944-02-01 07:00:01;1944-03-01 07:00:00;1944-02;28.0;G
1944-03-01 07:00:01;1944-04-01 07:00:00;1944-03;28.0;G
1944-04-01 07:00:01;1944-05-01 07:00:00;1944-04;14.0;G
1944-05-01 07:00:01;1944-06-01 07:00:00;1944-05;49.0;G
1944-06-01 07:00:01;1944-07-01 07:00:00;1944-06;47.0;G
1944-07-01 07:00:01;1944-08-01 07:00:00;1944-07;1.0;G
1944-08-01 07:00:01;1944-09-01 07:00:00;1944-08;24.0;G
1944-09-01 07:00:01;1944-10-01 07:00:00;1944-09;64.0;G
1944-10-01 07:00:01;1944-11-01 07:00:00;1944-10;28.0;G
1944-11-01 07:00:01;1944-12-01 07:00:00;1944-11;82.0;G
1944-12-01 07:00:01;1945-01-01 07:00:00;1944-12;54.0;G
1945-01-01 07:00:01;1945-02-01 07:00:00;1945-01;42.0;G
1945-02-01 07:00:01;1945-03-01 07:00:00;1945-02;49.0;G
1945-03-01 07:00:01;1945-04-01 07:00:00;1945-03;19.0;G
1945-04-01 07:00:01;1945-05-01 07:00:00;1945-04;31.0;G
1945-05-01 07:00:01;1945-06-01 07:00:00;1945-05;51.0;G
1945-06-01 07:00:01;1945-07-01 07:00:00;1945-06;38.0;G
1945-07-01 07:00:01;1945-08-01 07:00:00;1945-07;50.0;G
1945-08-01 07:00:01;1945-09-01 07:00:00;1945-08;129.0;G
1945-09-01 07:00:01;1945-10-01 07:00:00;1945-09;44.0;G
1945-10-01 07:00:01;1945-11-01 07:00:00;1945-10;44.0;G
1945-11-01 07:00:01;1945-12-01 07:00:00;1945-11;44.0;G
1945-12-01 07:00:01;1946-01-01 07:00:00;1945-12;39.0;G
1946-01-01 07:00:01;1946-02-01 07:00:00;1946-01;18.0;G
1946-02-01 07:00:01;1946-03-01 07:00:00;1946-02;34.0;G
1946-03-01 07:00:01;1946-04-01 07:00:00;1946-03;30.0;G
1946-04-01 07:00:01;1946-05-01 07:00:00;1946-04;16.0;G
1946-05-01 07:00:01;1946-06-01 07:00:00;1946-05;15.0;G
1946-06-01 07:00:01;1946-07-01 07:00:00;1946-06;39.0;G
1946-07-01 07:00:01;1946-08-01 07:00:00;1946-07;56.0;G
1946-08-01 07:00:01;1946-09-01 07:00:00;1946-08;76.0;G
1946-09-01 07:00:01;1946-10-01 07:00:00;1946-09;59.0;G
1946-10-01 07:00:01;1946-11-01 07:00:00;1946-10;21.0;G
1946-11-01 07:00:01;1946-12-01 07:00:00;1946-11;17.0;G
1946-12-01 07:00:01;1947-01-01 07:00:00;1946-12;24.0;G
1947-01-01 06:00:01;1947-02-01 06:00:00;1947-01;17.0;G
1947-02-01 06:00:01;1947-03-01 06:00:00;1947-02;4.0;G
1947-03-01 06:00:01;1947-04-01 06:00:00;1947-03;33.0;G
1947-04-01 06:00:01;1947-05-01 06:00:00;1947-04;27.0;G
1947-05-01 06:00:01;1947-06-01 06:00:00;1947-05;20.0;G
1947-06-01 06:00:01;1947-07-01 06:00:00;1947-06;54.0;G
1947-07-01 06:00:01;1947-08-01 06:00:00;1947-07;101.0;G
1947-08-01 06:00:01;1947-09-01 06:00:00;1947-08;26.0;G
1947-09-01 06:00:01;1947-10-01 06:00:00;1947-09;35.0;G
1947-10-01 06:00:01;1947-11-01 06:00:00;1947-10;27.0;G
1947-11-01 06:00:01;1947-12-01 06:00:00;1947-11;102.0;G
1947-12-01 06:00:01;1948-01-01 06:00:00;1947-12;59.0;G
1948-01-01 06:00:01;1948-02-01 06:00:00;1948-01;56.0;G
1948-02-01 06:00:01;1948-03-01 06:00:00;1948-02;7.0;G
1948-03-01 06:00:01;1948-04-01 06:00:00;1948-03;10.0;G
1948-04-01 06:00:01;1948-05-01 06:00:00;1948-04;17.0;G
1948-05-01 06:00:01;1948-06-01 06:00:00;1948-05;21.0;G
1948-06-01 06:00:01;1948-07-01 06:00:00;1948-06;35.0;G
1948-07-01 06:00:01;1948-08-01 06:00:00;1948-07;8.0;G
1948-08-01 06:00:01;1948-09-01 06:00:00;1948-08;156.0;G
1948-09-01 06:00:01;1948-10-01 06:00:00;1948-09;47.0;G
1948-10-01 06:00:01;1948-11-01 06:00:00;1948-10;19.0;G
1948-11-01 06:00:01;1948-12-01 06:00:00;1948-11;20.0;G
1948-12-01 06:00:01;1949-01-01 06:00:00;1948-12;9.0;G
1949-01-01 06:00:01;1949-02-01 06:00:00;1949-01;33.6;Y
1949-02-01 06:00:01;1949-03-01 06:00:00;1949-02;8.1;Y
1949-03-01 06:00:01;1949-04-01 06:00:00;1949-03;11.0;G
1949-04-01 06:00:01;1949-05-01 06:00:00;1949-04;39.7;Y
1949-05-01 06:00:01;1949-06-01 06:00:00;1949-05;34.6;Y
1949-06-01 06:00:01;1949-07-01 06:00:00;1949-06;28.3;Y
1949-07-01 06:00:01;1949-08-01 06:00:00;1949-07;19.5;Y
1949-08-01 06:00:01;1949-09-01 06:00:00;1949-08;34.7;Y
1949-09-01 06:00:01;1949-10-01 06:00:00;1949-09;28.0;Y
1949-10-01 06:00:01;1949-11-01 06:00:00;1949-10;17.0;G
1949-11-01 06:00:01;1949-12-01 06:00:00;1949-11;74.9;Y
1949-12-01 06:00:01;1950-01-01 06:00:00;1949-12;79.0;G
1950-01-01 06:00:01;1950-02-01 06:00:00;1950-01;36.0;G
1950-02-01 06:00:01;1950-03-01 06:00:00;1950-02;45.0;G
1950-03-01 06:00:01;1950-04-01 06:00:00;1950-03;20.0;G
1950-04-01 06:00:01;1950-05-01 06:00:00;1950-04;36.0;G
1950-05-01 06:00:01;1950-06-01 06:00:00;1950-05;31.0;G
1950-06-01 06:00:01;1950-07-01 06:00:00;1950-06;28.0;G
1950-07-01 06:00:01;1950-08-01 06:00:00;1950-07;51.0;G
1950-08-01 06:00:01;1950-09-01 06:00:00;1950-08;23.0;G
1950-09-01 06:00:01;1950-10-01 06:00:00;1950-09;37.0;G
1950-10-01 06:00:01;1950-11-01 06:00:00;1950-10;56.0;G
1950-11-01 06:00:01;1950-12-01 06:00:00;1950-11;71.0;G
1950-12-01 06:00:01;1951-01-01 06:00:00;1950-12;42.0;G
1951-01-01 06:00:01;1951-02-01 06:00:00;1951-01;48.5;Y
1951-02-01 06:00:01;1951-03-01 06:00:00;1951-02;17.8;Y
1951-03-01 06:00:01;1951-04-01 06:00:00;1951-03;28.1;Y
1951-04-01 06:00:01;1951-05-01 06:00:00;1951-04;9.4;Y
1951-05-01 06:00:01;1951-06-01 06:00:00;1951-05;15.4;Y
1951-06-01 06:00:01;1951-07-01 06:00:00;1951-06;36.8;Y
1951-07-01 06:00:01;1951-08-01 06:00:00;1951-07;50.0;Y
1951-08-01 06:00:01;1951-09-01 06:00:00;1951-08;52.3;Y
1951-09-01 06:00:01;1951-10-01 06:00:00;1951-09;22.2;Y
1951-10-01 06:00:01;1951-11-01 06:00:00;1951-10;2.1;Y
1951-11-01 06:00:01;1951-12-01 06:00:00;1951-11;41.7;Y
1951-12-01 06:00:01;1952-01-01 06:00:00;1951-12;18.6;Y
1952-01-01 06:00:01;1952-02-01 06:00:00;1952-01;41.0;Y
1952-02-01 06:00:01;1952-03-01 06:00:00;1952-02;27.6;Y
1952-03-01 06:00:01;1952-04-01 06:00:00;1952-03;11.2;Y
1952-04-01 06:00:01;1952-05-01 06:00:00;1952-04;27.6;Y
1952-05-01 06:00:01;1952-06-01 06:00:00;1952-05;114.7;Y
1952-06-01 06:00:01;1952-07-01 06:00:00;1952-06;42.1;Y
1952-07-01 06:00:01;1952-08-01 06:00:00;1952-07;33.3;Y
1952-08-01 06:00:01;1952-09-01 06:00:00;1952-08;82.9;Y
1952-09-01 06:00:01;1952-10-01 06:00:00;1952-09;58.3;Y
1952-10-01 06:00:01;1952-11-01 06:00:00;1952-10;131.1;Y
1952-11-01 06:00:01;1952-12-01 06:00:00;1952-11;66.8;Y
1952-12-01 06:00:01;1953-01-01 06:00:00;1952-12;52.4;Y
1953-01-01 06:00:01;1953-02-01 06:00:00;1953-01;36.0;Y
1953-02-01 06:00:01;1953-03-01 06:00:00;1953-02;44.6;Y
1953-03-01 06:00:01;1953-04-01 06:00:00;1953-03;5.4;Y
1953-04-01 06:00:01;1953-05-01 06:00:00;1953-04;9.9;Y
1953-05-01 06:00:01;1953-06-01 06:00:00;1953-05;39.6;Y
1953-06-01 06:00:01;1953-07-01 06:00:00;1953-06;30.4;Y
1953-07-01 06:00:01;1953-08-01 06:00:00;1953-07;54.7;Y
1953-08-01 06:00:01;1953-09-01 06:00:00;1953-08;47.3;Y
1953-09-01 06:00:01;1953-10-01 06:00:00;1953-09;75.0;Y
1953-10-01 06:00:01;1953-11-01 06:00:00;1953-10;11.6;Y
1953-11-01 06:00:01;1953-12-01 06:00:00;1953-11;59.7;Y
1953-12-01 06:00:01;1954-01-01 06:00:00;1953-12;19.5;Y
1954-01-01 06:00:01;1954-02-01 06:00:00;1954-01;55.2;Y
1954-02-01 06:00:01;1954-03-01 06:00:00;1954-02;6.5;Y
1954-03-01 06:00:01;1954-04-01 06:00:00;1954-03;25.9;Y
1954-04-01 06:00:01;1954-05-01 06:00:00;1954-04;32.5;Y
1954-05-01 06:00:01;1954-06-01 06:00:00;1954-05;12.5;Y
1954-06-01 06:00:01;1954-07-01 06:00:00;1954-06;22.2;Y
1954-07-01 06:00:01;1954-08-01 06:00:00;1954-07;69.1;Y
1954-08-01 06:00:01;1954-09-01 06:00:00;1954-08;37.0;Y
1954-09-01 06:00:01;1954-10-01 06:00:00;1954-09;30.3;Y
1954-10-01 06:00:01;1954-11-01 06:00:00;1954-10;32.5;Y
1954-11-01 06:00:01;1954-12-01 06:00:00;1954-11;45.5;Y
1954-12-01 06:00:01;1955-01-01 06:00:00;1954-12;51.2;Y
1955-01-01 06:00:01;1955-02-01 06:00:00;1955-01;21.6;Y
1955-02-01 06:00:01;1955-03-01 06:00:00;1955-02;60.1;Y
1955-03-01 06:00:01;1955-04-01 06:00:00;1955-03;25.3;Y
1955-04-01 06:00:01;1955-05-01 06:00:00;1955-04;36.6;Y
1955-05-01 06:00:01;1955-06-01 06:00:00;1955-05;50.4;Y
1955-06-01 06:00:01;1955-07-01 06:00:00;1955-06;55.2;Y
1955-07-01 06:00:01;1955-08-01 06:00:00;1955-07;21.4;Y
1955-08-01 06:00:01;1955-09-01 06:00:00;1955-08;3.8;Y
1955-09-01 06:00:01;1955-10-01 06:00:00;1955-09;45.8;Y
1955-10-01 06:00:01;1955-11-01 06:00:00;1955-10;51.0;Y
1955-11-01 06:00:01;1955-12-01 06:00:00;1955-11;25.0;Y
1955-12-01 06:00:01;1956-01-01 06:00:00;1955-12;65.7;Y
1956-01-01 06:00:01;1956-02-01 06:00:00;1956-01;50.8;Y
1956-02-01 06:00:01;1956-03-01 06:00:00;1956-02;40.4;Y
1956-03-01 06:00:01;1956-04-01 06:00:00;1956-03;8.9;Y
1956-04-01 06:00:01;1956-05-01 06:00:00;1956-04;28.4;Y
1956-05-01 06:00:01;1956-06-01 06:00:00;1956-05;5.4;Y
1956-06-01 06:00:01;1956-07-01 06:00:00;1956-06;60.1;Y
1956-07-01 06:00:01;1956-08-01 06:00:00;1956-07;30.0;Y
1956-08-01 06:00:01;1956-09-01 06:00:00;1956-08;102.0;Y
1956-09-01 06:00:01;1956-10-01 06:00:00;1956-09;38.4;Y
1956-10-01 06:00:01;1956-11-01 06:00:00;1956-10;22.6;Y
1956-11-01 06:00:01;1956-12-01 06:00:00;1956-11;20.6;Y
1956-12-01 06:00:01;1957-01-01 06:00:00;1956-12;39.7;Y
1957-01-01 06:00:01;1957-02-01 06:00:00;1957-01;50.7;Y
1957-02-01 06:00:01;1957-03-01 06:00:00;1957-02;49.8;Y
1957-03-01 06:00:01;1957-04-01 06:00:00;1957-03;19.6;Y
1957-04-01 06:00:01;1957-05-01 06:00:00;1957-04;29.8;Y
1957-05-01 06:00:01;1957-06-01 06:00:00;1957-05;12.7;Y
1957-06-01 06:00:01;1957-07-01 06:00:00;1957-06;24.3;Y
1957-07-01 06:00:01;1957-08-01 06:00:00;1957-07;98.1;Y
1957-08-01 06:00:01;1957-09-01 06:00:00;1957-08;55.3;Y
1957-09-01 06:00:01;1957-10-01 06:00:00;1957-09;60.9;Y
1957-10-01 06:00:01;1957-11-01 06:00:00;1957-10;64.6;Y
1957-11-01 06:00:01;1957-12-01 06:00:00;1957-11;34.3;Y
1957-12-01 06:00:01;1958-01-01 06:00:00;1957-12;37.0;Y
1958-01-01 06:00:01;1958-02-01 06:00:00;1958-01;32.4;Y
1958-02-01 06:00:01;1958-03-01 06:00:00;1958-02;66.8;Y
1958-03-01 06:00:01;1958-04-01 06:00:00;1958-03;28.5;Y
1958-04-01 06:00:01;1958-05-01 06:00:00;1958-04;23.5;Y
1958-05-01 06:00:01;1958-06-01 06:00:00;1958-05;43.0;Y
1958-06-01 06:00:01;1958-07-01 06:00:00;1958-06;19.8;Y
1958-07-01 06:00:01;1958-08-01 06:00:00;1958-07;51.6;Y
1958-08-01 06:00:01;1958-09-01 06:00:00;1958-08;43.2;Y
1958-09-01 06:00:01;1958-10-01 06:00:00;1958-09;17.5;Y
1958-10-01 06:00:01;1958-11-01 06:00:00;1958-10;69.1;Y
1958-11-01 06:00:01;1958-12-01 06:00:00;1958-11;39.0;Y
1958-12-01 06:00:01;1959-01-01 06:00:00;1958-12;74.1;Y
1959-01-01 06:00:01;1959-02-01 06:00:00;1959-01;73.5;Y
1959-02-01 06:00:01;1959-03-01 06:00:00;1959-02;8.5;Y
1959-03-01 06:00:01;1959-04-01 06:00:00;1959-03;11.2;Y
1959-04-01 06:00:01;1959-05-01 06:00:00;1959-04;44.4;Y
1959-05-01 06:00:01;1959-06-01 06:00:00;1959-05;5.0;Y
1959-06-01 06:00:01;1959-07-01 06:00:00;1959-06;11.1;Y
1959-07-01 06:00:01;1959-08-01 06:00:00;1959-07;29.4;Y
1959-08-01 06:00:01;1959-09-01 06:00:00;1959-08;17.6;Y
1959-09-01 06:00:01;1959-10-01 06:00:00;1959-09;36.8;Y
1959-10-01 06:00:01;1959-11-01 06:00:00;1959-10;36.6;Y
1959-11-01 06:00:01;1959-12-01 06:00:00;1959-11;21.3;Y
1959-12-01 06:00:01;1960-01-01 06:00:00;1959-12;39.1;Y
1960-01-01 06:00:01;1960-02-01 06:00:00;1960-01;51.2;Y
1960-02-01 06:00:01;1960-03-01 06:00:00;1960-02;20.5;Y
1960-03-01 06:00:01;1960-04-01 06:00:00;1960-03;26.1;Y
1960-04-01 06:00:01;1960-05-01 06:00:00;1960-04;12.1;Y
1960-05-01 06:00:01;1960-06-01 06:00:00;1960-05;45.4;Y
1960-06-01 06:00:01;1960-07-01 06:00:00;1960-06;27.1;Y
1960-07-01 06:00:01;1960-08-01 06:00:00;1960-07;141.9;Y
1960-08-01 06:00:01;1960-09-01 06:00:00;1960-08;113.4;Y
1960-09-01 06:00:01;1960-10-01 06:00:00;1960-09;46.7;Y
1960-10-01 06:00:01;1960-11-01 06:00:00;1960-10;69.6;Y
1960-11-01 06:00:01;1960-12-01 06:00:00;1960-11;84.6;Y
1960-12-01 06:00:01;1961-01-01 06:00:00;1960-12;73.2;Y
1961-01-01 06:00:01;1961-02-01 06:00:00;1961-01;23.2;Y
1961-02-01 06:00:01;1961-03-01 06:00:00;1961-02;11.0;Y
1961-03-01 06:00:01;1961-04-01 06:00:00;1961-03;23.5;Y
1961-04-01 06:00:01;1961-05-01 06:00:00;1961-04;18.5;Y
1961-05-01 06:00:01;1961-06-01 06:00:00;1961-05;30.2;Y
1961-06-01 06:00:01;1961-07-01 06:00:00;1961-06;75.4;Y
1961-07-01 06:00:01;1961-08-01 06:00:00;1961-07;37.6;Y
1961-08-01 06:00:01;1961-09-01 06:00:00;1961-08;49.5;Y
1961-09-01 06:00:01;1961-10-01 06:00:00;1961-09;35.3;Y
1961-10-01 06:00:01;1961-11-01 06:00:00;1961-10;45.5;Y
1961-11-01 06:00:01;1961-12-01 06:00:00;1961-11;43.4;Y
1961-12-01 06:00:01;1962-01-01 06:00:00;1961-12;29.5;Y
1962-01-01 06:00:01;1962-02-01 06:00:00;1962-01;48.2;Y
1962-02-01 06:00:01;1962-03-01 06:00:00;1962-02;44.1;Y
1962-03-01 06:00:01;1962-04-01 06:00:00;1962-03;27.1;Y
1962-04-01 06:00:01;1962-05-01 06:00:00;1962-04;28.7;Y
1962-05-01 06:00:01;1962-06-01 06:00:00;1962-05;39.2;Y
1962-06-01 06:00:01;1962-07-01 06:00:00;1962-06;9.2;Y
1962-07-01 06:00:01;1962-08-01 06:00:00;1962-07;22.3;Y
1962-08-01 06:00:01;1962-09-01 06:00:00;1962-08;60.7;Y
1962-09-01 06:00:01;1962-10-01 06:00:00;1962-09;82.4;Y
1962-10-01 06:00:01;1962-11-01 06:00:00;1962-10;14.4;Y
1962-11-01 06:00:01;1962-12-01 06:00:00;1962-11;46.5;Y
1962-12-01 06:00:01;1963-01-01 06:00:00;1962-12;20.1;Y
1963-01-01 06:00:01;1963-02-01 06:00:00;1963-01;23.0;Y
1963-02-01 06:00:01;1963-03-01 06:00:00;1963-02;24.8;Y
1963-03-01 06:00:01;1963-04-01 06:00:00;1963-03;24.9;Y
1963-04-01 06:00:01;1963-05-01 06:00:00;1963-04;36.1;Y
1963-05-01 06:00:01;1963-06-01 06:00:00;1963-05;10.4;Y
1963-06-01 06:00:01;1963-07-01 06:00:00;1963-06;31.5;Y
1963-07-01 06:00:01;1963-08-01 06:00:00;1963-07;25.6;Y
1963-08-01 06:00:01;1963-09-01 06:00:00;1963-08;92.4;Y
1963-09-01 06:00:01;1963-10-01 06:00:00;1963-09;61.0;Y
1963-10-01 06:00:01;1963-11-01 06:00:00;1963-10;61.2;Y
1963-11-01 06:00:01;1963-12-01 06:00:00;1963-11;64.0;Y
1963-12-01 06:00:01;1964-01-01 06:00:00;1963-12;13.9;Y
1964-01-01 06:00:01;1964-02-01 06:00:00;1964-01;12.3;Y
1964-02-01 06:00:01;1964-03-01 06:00:00;1964-02;19.0;Y
1964-03-01 06:00:01;1964-04-01 06:00:00;1964-03;1.5;Y
1964-04-01 06:00:01;1964-05-01 06:00:00;1964-04;8.6;Y
1964-05-01 06:00:01;1964-06-01 06:00:00;1964-05;16.6;Y
1964-06-01 06:00:01;1964-07-01 06:00:00;1964-06;44.3;Y
1964-07-01 06:00:01;1964-08-01 06:00:00;1964-07;42.2;Y
1964-08-01 06:00:01;1964-09-01 06:00:00;1964-08;28.7;Y
1964-09-01 06:00:01;1964-10-01 06:00:00;1964-09;45.2;Y
1964-10-01 06:00:01;1964-11-01 06:00:00;1964-10;42.4;Y
1964-11-01 06:00:01;1964-12-01 06:00:00;1964-11;68.6;Y
1964-12-01 06:00:01;1965-01-01 06:00:00;1964-12;57.2;Y
1965-01-01 06:00:01;1965-02-01 06:00:00;1965-01;30.2;Y
1965-02-01 06:00:01;1965-03-01 06:00:00;1965-02;15.8;Y
1965-03-01 06:00:01;1965-04-01 06:00:00;1965-03;15.3;Y
1965-04-01 06:00:01;1965-05-01 06:00:00;1965-04;19.8;Y
1965-05-01 06:00:01;1965-06-01 06:00:00;1965-05;34.2;Y
1965-06-01 06:00:01;1965-07-01 06:00:00;1965-06;16.5;Y
1965-07-01 06:00:01;1965-08-01 06:00:00;1965-07;54.2;Y
1965-08-01 06:00:01;1965-09-01 06:00:00;1965-08;61.5;Y
1965-09-01 06:00:01;1965-10-01 06:00:00;1965-09;93.7;Y
1965-10-01 06:00:01;1965-11-01 06:00:00;1965-10;9.6;Y
1965-11-01 06:00:01;1965-12-01 06:00:00;1965-11;54.7;Y
1965-12-01 06:00:01;1966-01-01 06:00:00;1965-12;64.4;Y
1966-01-01 06:00:01;1966-02-01 06:00:00;1966-01;13.1;Y
1966-02-01 06:00:01;1966-03-01 06:00:00;1966-02;35.0;Y
1966-03-01 06:00:01;1966-04-01 06:00:00;1966-03;38.5;Y
1966-04-01 06:00:01;1966-05-01 06:00:00;1966-04;27.0;Y
1966-05-01 06:00:01;1966-06-01 06:00:00;1966-05;57.8;Y
1966-06-01 06:00:01;1966-07-01 06:00:00;1966-06;4.0;Y
1966-07-01 06:00:01;1966-08-01 06:00:00;1966-07;35.3;Y
1966-08-01 06:00:01;1966-09-01 06:00:00;1966-08;63.5;Y
1966-09-01 06:00:01;1966-10-01 06:00:00;1966-09;19.4;Y
1966-10-01 06:00:01;1966-11-01 06:00:00;1966-10;32.7;Y
1966-11-01 06:00:01;1966-12-01 06:00:00;1966-11;49.3;Y
1966-12-01 06:00:01;1967-01-01 06:00:00;1966-12;79.0;Y
1967-01-01 06:00:01;1967-02-01 06:00:00;1967-01;65.4;Y
1967-02-01 06:00:01;1967-03-01 06:00:00;1967-02;29.1;Y
1967-03-01 06:00:01;1967-04-01 06:00:00;1967-03;21.7;Y
1967-04-01 06:00:01;1967-05-01 06:00:00;1967-04;32.6;Y
1967-05-01 06:00:01;1967-06-01 06:00:00;1967-05;70.6;Y
1967-06-01 06:00:01;1967-07-01 06:00:00;1967-06;16.0;Y
1967-07-01 06:00:01;1967-08-01 06:00:00;1967-07;9.8;Y
1967-08-01 06:00:01;1967-09-01 06:00:00;1967-08;53.5;Y
1967-09-01 06:00:01;1967-10-01 06:00:00;1967-09;79.9;Y
1967-10-01 06:00:01;1967-11-01 06:00:00;1967-10;68.0;Y
1967-11-01 06:00:01;1967-12-01 06:00:00;1967-11;29.4;Y
1967-12-01 06:00:01;1968-01-01 06:00:00;1967-12;71.4;Y
1968-01-01 06:00:01;1968-02-01 06:00:00;1968-01;70.2;Y
1968-02-01 06:00:01;1968-03-01 06:00:00;1968-02;15.7;Y
1968-03-01 06:00:01;1968-04-01 06:00:00;1968-03;33.6;Y
1968-04-01 06:00:01;1968-05-01 06:00:00;1968-04;9.8;Y
1968-05-01 06:00:01;1968-06-01 06:00:00;1968-05;38.0;Y
1968-06-01 06:00:01;1968-07-01 06:00:00;1968-06;25.0;Y
1968-07-01 06:00:01;1968-08-01 06:00:00;1968-07;50.7;Y
1968-08-01 06:00:01;1968-09-01 06:00:00;1968-08;28.5;Y
1968-09-01 06:00:01;1968-10-01 06:00:00;1968-09;40.6;Y
1968-10-01 06:00:01;1968-11-01 06:00:00;1968-10;78.5;Y
1968-11-01 06:00:01;1968-12-01 06:00:00;1968-11;48.4;Y
1968-12-01 06:00:01;1969-01-01 06:00:00;1968-12;26.1;Y
1969-01-01 06:00:01;1969-02-01 06:00:00;1969-01;14.6;Y
1969-02-01 06:00:01;1969-03-01 06:00:00;1969-02;26.7;Y
1969-03-01 06:00:01;1969-04-01 06:00:00;1969-03;4.4;Y
1969-04-01 06:00:01;1969-05-01 06:00:00;1969-04;32.9;Y
1969-05-01 06:00:01;1969-06-01 06:00:00;1969-05;75.7;Y
1969-06-01 06:00:01;1969-07-01 06:00:00;1969-06;0.0;Y
1969-07-01 06:00:01;1969-08-01 06:00:00;1969-07;14.2;Y
1969-08-01 06:00:01;1969-09-01 06:00:00;1969-08;117.2;Y
1969-09-01 06:00:01;1969-10-01 06:00:00;1969-09;26.7;Y
1969-10-01 06:00:01;1969-11-01 06:00:00;1969-10;24.5;Y
1969-11-01 06:00:01;1969-12-01 06:00:00;1969-11;71.3;Y
1969-12-01 06:00:01;1970-01-01 06:00:00;1969-12;12.5;Y
1970-01-01 06:00:01;1970-02-01 06:00:00;1970-01;20.6;Y
1970-02-01 06:00:01;1970-03-01 06:00:00;1970-02;8.6;Y
1970-03-01 06:00:01;1970-04-01 06:00:00;1970-03;48.9;Y
1970-04-01 06:00:01;1970-05-01 06:00:00;1970-04;54.3;Y
1970-05-01 06:00:01;1970-06-01 06:00:00;1970-05;18.8;Y
1970-06-01 06:00:01;1970-07-01 06:00:00;1970-06;62.9;Y
1970-07-01 06:00:01;1970-08-01 06:00:00;1970-07;117.0;Y
1970-08-01 06:00:01;1970-09-01 06:00:00;1970-08;80.1;Y
1970-09-01 06:00:01;1970-10-01 06:00:00;1970-09;43.0;Y
1970-10-01 06:00:01;1970-11-01 06:00:00;1970-10;116.8;Y
1970-11-01 06:00:01;1970-12-01 06:00:00;1970-11;96.8;Y
1970-12-01 06:00:01;1971-01-01 06:00:00;1970-12;24.5;Y
1971-01-01 06:00:01;1971-02-01 06:00:00;1971-01;39.8;Y
1971-02-01 06:00:01;1971-03-01 06:00:00;1971-02;41.7;Y
1971-03-01 06:00:01;1971-04-01 06:00:00;1971-03;53.5;Y
1971-04-01 06:00:01;1971-05-01 06:00:00;1971-04;23.8;Y
1971-05-01 06:00:01;1971-06-01 06:00:00;1971-05;17.3;Y
1971-06-01 06:00:01;1971-07-01 06:00:00;1971-06;26.1;Y
1971-07-01 06:00:01;1971-08-01 06:00:00;1971-07;30.9;Y
1971-08-01 06:00:01;1971-09-01 06:00:00;1971-08;17.8;Y
1971-09-01 06:00:01;1971-10-01 06:00:00;1971-09;52.0;Y
1971-10-01 06:00:01;1971-11-01 06:00:00;1971-10;41.3;Y
1971-11-01 06:00:01;1971-12-01 06:00:00;1971-11;44.9;Y
1971-12-01 06:00:01;1972-01-01 06:00:00;1971-12;33.2;Y
1972-01-01 06:00:01;1972-02-01 06:00:00;1972-01;14.4;Y
1972-02-01 06:00:01;1972-03-01 06:00:00;1972-02;26.2;Y
1972-03-01 06:00:01;1972-04-01 06:00:00;1972-03;14.9;Y
1972-04-01 06:00:01;1972-05-01 06:00:00;1972-04;15.1;Y
1972-05-01 06:00:01;1972-06-01 06:00:00;1972-05;48.2;Y
1972-06-01 06:00:01;1972-07-01 06:00:00;1972-06;6.5;Y
1972-07-01 06:00:01;1972-08-01 06:00:00;1972-07;32.4;Y
1972-08-01 06:00:01;1972-09-01 06:00:00;1972-08;69.4;Y
1972-09-01 06:00:01;1972-10-01 06:00:00;1972-09;39.8;Y
1972-10-01 06:00:01;1972-11-01 06:00:00;1972-10;31.0;Y
1972-11-01 06:00:01;1972-12-01 06:00:00;1972-11;69.3;Y
1972-12-01 06:00:01;1973-01-01 06:00:00;1972-12;23.0;Y
1973-01-01 06:00:01;1973-02-01 06:00:00;1973-01;23.1;Y
1973-02-01 06:00:01;1973-03-01 06:00:00;1973-02;43.1;Y
1973-03-01 06:00:01;1973-04-01 06:00:00;1973-03;23.6;Y
1973-04-01 06:00:01;1973-05-01 06:00:00;1973-04;49.9;Y
1973-05-01 06:00:01;1973-06-01 06:00:00;1973-05;13.6;Y
1973-06-01 06:00:01;1973-07-01 06:00:00;1973-06;10.5;Y
1973-07-01 06:00:01;1973-08-01 06:00:00;1973-07;50.9;Y
1973-08-01 06:00:01;1973-09-01 06:00:00;1973-08;14.7;Y
1973-09-01 06:00:01;1973-10-01 06:00:00;1973-09;64.3;Y
1973-10-01 06:00:01;1973-11-01 06:00:00;1973-10;49.7;Y
1973-11-01 06:00:01;1973-12-01 06:00:00;1973-11;74.2;Y
1973-12-01 06:00:01;1974-01-01 06:00:00;1973-12;42.2;Y
1974-01-01 06:00:01;1974-02-01 06:00:00;1974-01;36.2;Y
1974-02-01 06:00:01;1974-03-01 06:00:00;1974-02;62.7;Y
1974-03-01 06:00:01;1974-04-01 06:00:00;1974-03;12.4;Y
1974-04-01 06:00:01;1974-05-01 06:00:00;1974-04;1.6;Y
1974-05-01 06:00:01;1974-06-01 06:00:00;1974-05;28.0;Y
1974-06-01 06:00:01;1974-07-01 06:00:00;1974-06;21.6;Y
1974-07-01 06:00:01;1974-08-01 06:00:00;1974-07;145.0;Y
1974-08-01 06:00:01;1974-09-01 06:00:00;1974-08;26.2;Y
1974-09-01 06:00:01;1974-10-01 06:00:00;1974-09;61.5;Y
1974-10-01 06:00:01;1974-11-01 06:00:00;1974-10;126.8;Y
1974-11-01 06:00:01;1974-12-01 06:00:00;1974-11;87.2;Y
1974-12-01 06:00:01;1975-01-01 06:00:00;1974-12;87.6;Y
1975-01-01 06:00:01;1975-02-01 06:00:00;1975-01;44.7;Y
1975-02-01 06:00:01;1975-03-01 06:00:00;1975-02;11.7;Y
1975-03-01 06:00:01;1975-04-01 06:00:00;1975-03;37.7;Y
1975-04-01 06:00:01;1975-05-01 06:00:00;1975-04;22.2;Y
1975-05-01 06:00:01;1975-06-01 06:00:00;1975-05;23.4;Y
1975-06-01 06:00:01;1975-07-01 06:00:00;1975-06;11.4;Y
1975-07-01 06:00:01;1975-08-01 06:00:00;1975-07;33.4;Y
1975-08-01 06:00:01;1975-09-01 06:00:00;1975-08;34.5;Y
1975-09-01 06:00:01;1975-10-01 06:00:00;1975-09;72.0;Y
1975-10-01 06:00:01;1975-11-01 06:00:00;1975-10;34.2;Y
1975-11-01 06:00:01;1975-12-01 06:00:00;1975-11;35.3;Y
1975-12-01 06:00:01;1976-01-01 06:00:00;1975-12;15.7;Y
1976-01-01 06:00:01;1976-02-01 06:00:00;1976-01;64.5;Y
1976-02-01 06:00:01;1976-03-01 06:00:00;1976-02;15.9;Y
1976-03-01 06:00:01;1976-04-01 06:00:00;1976-03;34.2;Y
1976-04-01 06:00:01;1976-05-01 06:00:00;1976-04;43.9;Y
1976-05-01 06:00:01;1976-06-01 06:00:00;1976-05;24.7;Y
1976-06-01 06:00:01;1976-07-01 06:00:00;1976-06;31.6;Y
1976-07-01 06:00:01;1976-08-01 06:00:00;1976-07;65.1;Y
1976-08-01 06:00:01;1976-09-01 06:00:00;1976-08;68.2;Y
1976-09-01 06:00:01;1976-10-01 06:00:00;1976-09;63.5;Y
1976-10-01 06:00:01;1976-11-01 06:00:00;1976-10;16.7;Y
1976-11-01 06:00:01;1976-12-01 06:00:00;1976-11;49.0;Y
1976-12-01 06:00:01;1977-01-01 06:00:00;1976-12;83.2;Y
1977-01-01 06:00:01;1977-02-01 06:00:00;1977-01;39.1;Y
1977-02-01 06:00:01;1977-03-01 06:00:00;1977-02;32.2;Y
1977-03-01 06:00:01;1977-04-01 06:00:00;1977-03;31.1;Y
1977-04-01 06:00:01;1977-05-01 06:00:00;1977-04;41.7;Y
1977-05-01 06:00:01;1977-06-01 06:00:00;1977-05;25.3;Y
1977-06-01 06:00:01;1977-07-01 06:00:00;1977-06;23.4;Y
1977-07-01 06:00:01;1977-08-01 06:00:00;1977-07;66.8;Y
1977-08-01 06:00:01;1977-09-01 06:00:00;1977-08;42.4;Y
1977-09-01 06:00:01;1977-10-01 06:00:00;1977-09;46.9;Y
1977-10-01 06:00:01;1977-11-01 06:00:00;1977-10;34.9;Y
1977-11-01 06:00:01;1977-12-01 06:00:00;1977-11;67.3;Y
1977-12-01 06:00:01;1978-01-01 06:00:00;1977-12;78.8;Y
1978-01-01 06:00:01;1978-02-01 06:00:00;1978-01;35.8;Y
1978-02-01 06:00:01;1978-03-01 06:00:00;1978-02;35.8;Y
1978-03-01 06:00:01;1978-04-01 06:00:00;1978-03;64.9;Y
1978-04-01 06:00:01;1978-05-01 06:00:00;1978-04;15.5;Y
1978-05-01 06:00:01;1978-06-01 06:00:00;1978-05;8.8;Y
1978-06-01 06:00:01;1978-07-01 06:00:00;1978-06;22.1;Y
1978-07-01 06:00:01;1978-08-01 06:00:00;1978-07;33.4;Y
1978-08-01 06:00:01;1978-09-01 06:00:00;1978-08;30.4;Y
1978-09-01 06:00:01;1978-10-01 06:00:00;1978-09;100.8;Y
1978-10-01 06:00:01;1978-11-01 06:00:00;1978-10;21.8;Y
1978-11-01 06:00:01;1978-12-01 06:00:00;1978-11;39.7;Y
1978-12-01 06:00:01;1979-01-01 06:00:00;1978-12;29.3;Y
1979-01-01 06:00:01;1979-02-01 06:00:00;1979-01;60.9;Y
1979-02-01 06:00:01;1979-03-01 06:00:00;1979-02;24.4;Y
1979-03-01 06:00:01;1979-04-01 06:00:00;1979-03;58.6;Y
1979-04-01 06:00:01;1979-05-01 06:00:00;1979-04;22.5;Y
1979-05-01 06:00:01;1979-06-01 06:00:00;1979-05;24.4;Y
1979-06-01 06:00:01;1979-07-01 06:00:00;1979-06;14.8;Y
1979-07-01 06:00:01;1979-08-01 06:00:00;1979-07;79.2;Y
1979-08-01 06:00:01;1979-09-01 06:00:00;1979-08;76.3;Y
1979-09-01 06:00:01;1979-10-01 06:00:00;1979-09;21.6;Y
1979-10-01 06:00:01;1979-11-01 06:00:00;1979-10;6.6;Y
1979-11-01 06:00:01;1979-12-01 06:00:00;1979-11;37.6;Y
1979-12-01 06:00:01;1980-01-01 06:00:00;1979-12;49.1;Y
1980-01-01 06:00:01;1980-02-01 06:00:00;1980-01;83.4;Y
1980-02-01 06:00:01;1980-03-01 06:00:00;1980-02;35.4;Y
1980-03-01 06:00:01;1980-04-01 06:00:00;1980-03;29.1;Y
1980-04-01 06:00:01;1980-05-01 06:00:00;1980-04;41.8;Y
1980-05-01 06:00:01;1980-06-01 06:00:00;1980-05;12.1;Y
1980-06-01 06:00:01;1980-07-01 06:00:00;1980-06;50.6;Y
1980-07-01 06:00:01;1980-08-01 06:00:00;1980-07;41.7;Y
1980-08-01 06:00:01;1980-09-01 06:00:00;1980-08;104.4;Y
1980-09-01 06:00:01;1980-10-01 06:00:00;1980-09;41.1;Y
1980-10-01 06:00:01;1980-11-01 06:00:00;1980-10;86.5;Y
1980-11-01 06:00:01;1980-12-01 06:00:00;1980-11;58.1;Y
1980-12-01 06:00:01;1981-01-01 06:00:00;1980-12;62.1;Y
1981-01-01 06:00:01;1981-02-01 06:00:00;1981-01;21.3;Y
1981-02-01 06:00:01;1981-03-01 06:00:00;1981-02;40.1;Y
1981-03-01 06:00:01;1981-04-01 06:00:00;1981-03;70.0;Y
1981-04-01 06:00:01;1981-05-01 06:00:00;1981-04;10.6;Y
1981-05-01 06:00:01;1981-06-01 06:00:00;1981-05;7.5;Y
1981-06-01 06:00:01;1981-07-01 06:00:00;1981-06;60.7;Y
1981-07-01 06:00:01;1981-08-01 06:00:00;1981-07;26.1;Y
1981-08-01 06:00:01;1981-09-01 06:00:00;1981-08;25.1;Y
1981-09-01 06:00:01;1981-10-01 06:00:00;1981-09;16.2;Y
1981-10-01 06:00:01;1981-11-01 06:00:00;1981-10;100.5;Y
1981-11-01 06:00:01;1981-12-01 06:00:00;1981-11;64.1;Y
1981-12-01 06:00:01;1982-01-01 06:00:00;1981-12;85.3;Y
1982-01-01 06:00:01;1982-02-01 06:00:00;1982-01;44.3;Y
1982-02-01 06:00:01;1982-03-01 06:00:00;1982-02;7.7;Y
1982-03-01 06:00:01;1982-04-01 06:00:00;1982-03;29.3;Y
1982-04-01 06:00:01;1982-05-01 06:00:00;1982-04;16.9;Y
1982-05-01 06:00:01;1982-06-01 06:00:00;1982-05;43.2;Y
1982-06-01 06:00:01;1982-07-01 06:00:00;1982-06;79.4;Y
1982-07-01 06:00:01;1982-08-01 06:00:00;1982-07;10.9;Y
1982-08-01 06:00:01;1982-09-01 06:00:00;1982-08;34.1;Y
1982-09-01 06:00:01;1982-10-01 06:00:00;1982-09;59.9;Y
1982-10-01 06:00:01;1982-11-01 06:00:00;1982-10;27.5;Y
1982-11-01 06:00:01;1982-12-01 06:00:00;1982-11;13.0;Y
1982-12-01 06:00:01;1983-01-01 06:00:00;1982-12;29.8;Y
1983-01-01 06:00:01;1983-02-01 06:00:00;1983-01;46.1;Y
1983-02-01 06:00:01;1983-03-01 06:00:00;1983-02;19.8;Y
1983-03-01 06:00:01;1983-04-01 06:00:00;1983-03;47.3;Y
1983-04-01 06:00:01;1983-05-01 06:00:00;1983-04;37.6;Y
1983-05-01 06:00:01;1983-06-01 06:00:00;1983-05;50.4;Y
1983-06-01 06:00:01;1983-07-01 06:00:00;1983-06;34.7;Y
1983-07-01 06:00:01;1983-08-01 06:00:00;1983-07;8.4;Y
1983-08-01 06:00:01;1983-09-01 06:00:00;1983-08;25.7;Y
1983-09-01 06:00:01;1983-10-01 06:00:00;1983-09;106.8;Y
1983-10-01 06:00:01;1983-11-01 06:00:00;1983-10;34.4;Y
1983-11-01 06:00:01;1983-12-01 06:00:00;1983-11;59.1;Y
1983-12-01 06:00:01;1984-01-01 06:00:00;1983-12;34.7;Y
1984-01-01 06:00:01;1984-02-01 06:00:00;1984-01;57.8;Y
1984-02-01 06:00:01;1984-03-01 06:00:00;1984-02;25.4;Y
1984-03-01 06:00:01;1984-04-01 06:00:00;1984-03;17.2;Y
1984-04-01 06:00:01;1984-05-01 06:00:00;1984-04;8.4;Y
1984-05-01 06:00:01;1984-06-01 06:00:00;1984-05;44.8;Y
1984-06-01 06:00:01;1984-07-01 06:00:00;1984-06;51.1;Y
1984-07-01 06:00:01;1984-08-01 06:00:00;1984-07;67.7;Y
1984-08-01 06:00:01;1984-09-01 06:00:00;1984-08;36.2;Y
1984-09-01 06:00:01;1984-10-01 06:00:00;1984-09;130.0;Y
1984-10-01 06:00:01;1984-11-01 06:00:00;1984-10;58.7;Y
1984-11-01 06:00:01;1984-12-01 06:00:00;1984-11;35.7;Y
1984-12-01 06:00:01;1985-01-01 06:00:00;1984-12;35.5;Y
1985-01-01 06:00:01;1985-02-01 06:00:00;1985-01;122.4;Y
1985-02-01 06:00:01;1985-03-01 06:00:00;1985-02;30.6;Y
1985-03-01 06:00:01;1985-04-01 06:00:00;1985-03;35.2;Y
1985-04-01 06:00:01;1985-05-01 06:00:00;1985-04;84.3;Y
1985-05-01 06:00:01;1985-06-01 06:00:00;1985-05;14.0;Y
1985-06-01 06:00:01;1985-07-01 06:00:00;1985-06;44.1;Y
1985-07-01 06:00:01;1985-08-01 06:00:00;1985-07;44.3;Y
1985-08-01 06:00:01;1985-09-01 06:00:00;1985-08;29.8;Y
1985-09-01 06:00:01;1985-10-01 06:00:00;1985-09;32.0;Y
1985-10-01 06:00:01;1985-11-01 06:00:00;1985-10;6.3;Y
1985-11-01 06:00:01;1985-12-01 06:00:00;1985-11;59.5;Y
1985-12-01 06:00:01;1986-01-01 06:00:00;1985-12;81.3;Y
1986-01-01 06:00:01;1986-02-01 06:00:00;1986-01;62.0;Y
1986-02-01 06:00:01;1986-03-01 06:00:00;1986-02;28.0;Y
1986-03-01 06:00:01;1986-04-01 06:00:00;1986-03;27.1;Y
1986-04-01 06:00:01;1986-05-01 06:00:00;1986-04;60.0;Y
1986-05-01 06:00:01;1986-06-01 06:00:00;1986-05;43.7;Y
1986-06-01 06:00:01;1986-07-01 06:00:00;1986-06;10.4;Y
1986-07-01 06:00:01;1986-08-01 06:00:00;1986-07;41.3;Y
1986-08-01 06:00:01;1986-09-01 06:00:00;1986-08;61.7;Y
1986-09-01 06:00:01;1986-10-01 06:00:00;1986-09;20.8;Y
1986-10-01 06:00:01;1986-11-01 06:00:00;1986-10;39.0;Y
1986-11-01 06:00:01;1986-12-01 06:00:00;1986-11;38.9;Y
1986-12-01 06:00:01;1987-01-01 06:00:00;1986-12;66.9;Y
1987-01-01 06:00:01;1987-02-01 06:00:00;1987-01;111.3;Y
1987-02-01 06:00:01;1987-03-01 06:00:00;1987-02;28.9;Y
1987-03-01 06:00:01;1987-04-01 06:00:00;1987-03;16.4;Y
1987-04-01 06:00:01;1987-05-01 06:00:00;1987-04;9.5;Y
1987-05-01 06:00:01;1987-06-01 06:00:00;1987-05;53.0;Y
1987-06-01 06:00:01;1987-07-01 06:00:00;1987-06;43.1;Y
1987-07-01 06:00:01;1987-08-01 06:00:00;1987-07;30.8;Y
1987-08-01 06:00:01;1987-09-01 06:00:00;1987-08;11.8;Y
1987-09-01 06:00:01;1987-10-01 06:00:00;1987-09;47.3;Y
1987-10-01 06:00:01;1987-11-01 06:00:00;1987-10;67.2;Y
1987-11-01 06:00:01;1987-12-01 06:00:00;1987-11;76.4;Y
1987-12-01 06:00:01;1988-01-01 06:00:00;1987-12;39.6;Y
1988-01-01 06:00:01;1988-02-01 06:00:00;1988-01;55.9;Y
1988-02-01 06:00:01;1988-03-01 06:00:00;1988-02;52.1;Y
1988-03-01 06:00:01;1988-04-01 06:00:00;1988-03;75.0;Y
1988-04-01 06:00:01;1988-05-01 06:00:00;1988-04;27.5;Y
1988-05-01 06:00:01;1988-06-01 06:00:00;1988-05;26.1;Y
1988-06-01 06:00:01;1988-07-01 06:00:00;1988-06;68.4;Y
1988-07-01 06:00:01;1988-08-01 06:00:00;1988-07;106.4;Y
1988-08-01 06:00:01;1988-09-01 06:00:00;1988-08;36.7;Y
1988-09-01 06:00:01;1988-10-01 06:00:00;1988-09;31.9;Y
1988-10-01 06:00:01;1988-11-01 06:00:00;1988-10;18.2;Y
1988-11-01 06:00:01;1988-12-01 06:00:00;1988-11;27.1;Y
1988-12-01 06:00:01;1989-01-01 06:00:00;1988-12;40.0;Y
1989-01-01 06:00:01;1989-02-01 06:00:00;1989-01;9.0;Y
1989-02-01 06:00:01;1989-03-01 06:00:00;1989-02;27.5;Y
1989-03-01 06:00:01;1989-04-01 06:00:00;1989-03;38.3;Y
1989-04-01 06:00:01;1989-05-01 06:00:00;1989-04;15.8;Y
1989-05-01 06:00:01;1989-06-01 06:00:00;1989-05;26.8;Y
1989-06-01 06:00:01;1989-07-01 06:00:00;1989-06;54.9;Y
1989-07-01 06:00:01;1989-08-01 06:00:00;1989-07;15.2;Y
1989-08-01 06:00:01;1989-09-01 06:00:00;1989-08;85.9;Y
1989-09-01 06:00:01;1989-10-01 06:00:00;1989-09;19.2;Y
1989-10-01 06:00:01;1989-11-01 06:00:00;1989-10;69.3;Y
1989-11-01 06:00:01;1989-12-01 06:00:00;1989-11;64.4;Y
1989-12-01 06:00:01;1990-01-01 06:00:00;1989-12;37.6;Y
1990-01-01 06:00:01;1990-02-01 06:00:00;1990-01;47.3;Y
1990-02-01 06:00:01;1990-03-01 06:00:00;1990-02;29.5;Y
1990-03-01 06:00:01;1990-04-01 06:00:00;1990-03;17.3;Y
1990-04-01 06:00:01;1990-05-01 06:00:00;1990-04;28.7;Y
1990-05-01 06:00:01;1990-06-01 06:00:00;1990-05;22.4;Y
1990-06-01 06:00:01;1990-07-01 06:00:00;1990-06;13.7;Y
1990-07-01 06:00:01;1990-08-01 06:00:00;1990-07;47.8;Y
1990-08-01 06:00:01;1990-09-01 06:00:00;1990-08;26.2;Y
1990-09-01 06:00:01;1990-10-01 06:00:00;1990-09;101.6;Y
1990-10-01 06:00:01;1990-11-01 06:00:00;1990-10;47.5;Y
1990-11-01 06:00:01;1990-12-01 06:00:00;1990-11;59.8;Y
1990-12-01 06:00:01;1991-01-01 06:00:00;1990-12;30.3;Y
1991-01-01 06:00:01;1991-02-01 06:00:00;1991-01;27.2;Y
1991-02-01 06:00:01;1991-03-01 06:00:00;1991-02;39.7;Y
1991-03-01 06:00:01;1991-04-01 06:00:00;1991-03;17.1;Y
1991-04-01 06:00:01;1991-05-01 06:00:00;1991-04;22.4;Y
1991-05-01 06:00:01;1991-06-01 06:00:00;1991-05;28.2;Y
1991-06-01 06:00:01;1991-07-01 06:00:00;1991-06;96.7;Y
1991-07-01 06:00:01;1991-08-01 06:00:00;1991-07;3.8;Y
1991-08-01 06:00:01;1991-09-01 06:00:00;1991-08;48.4;Y
1991-09-01 06:00:01;1991-10-01 06:00:00;1991-09;18.6;Y
1991-10-01 06:00:01;1991-11-01 06:00:00;1991-10;27.8;Y
1991-11-01 06:00:01;1991-12-01 06:00:00;1991-11;34.7;Y
1991-12-01 06:00:01;1992-01-01 06:00:00;1991-12;39.0;Y
1992-01-01 06:00:01;1992-02-01 06:00:00;1992-01;17.6;Y
1992-02-01 06:00:01;1992-03-01 06:00:00;1992-02;32.3;Y
1992-03-01 06:00:01;1992-04-01 06:00:00;1992-03;33.0;Y
1992-04-01 06:00:01;1992-05-01 06:00:00;1992-04;46.6;Y
1992-05-01 06:00:01;1992-06-01 06:00:00;1992-05;7.3;Y
1992-06-01 06:00:01;1992-07-01 06:00:00;1992-06;2.6;Y
1992-07-01 06:00:01;1992-08-01 06:00:00;1992-07;61.1;Y
1992-08-01 06:00:01;1992-09-01 06:00:00;1992-08;63.6;Y
1992-09-01 06:00:01;1992-10-01 06:00:00;1992-09;37.0;Y
1992-10-01 06:00:01;1992-11-01 06:00:00;1992-10;38.0;Y
1992-11-01 06:00:01;1992-12-01 06:00:00;1992-11;78.4;Y
1992-12-01 06:00:01;1993-01-01 06:00:00;1992-12;29.8;Y
1993-01-01 06:00:01;1993-02-01 06:00:00;1993-01;33.6;Y
1993-02-01 06:00:01;1993-03-01 06:00:00;1993-02;34.4;Y
1993-03-01 06:00:01;1993-04-01 06:00:00;1993-03;36.6;Y
1993-04-01 06:00:01;1993-05-01 06:00:00;1993-04;8.1;Y
1993-05-01 06:00:01;1993-06-01 06:00:00;1993-05;11.0;Y
1993-06-01 06:00:01;1993-07-01 06:00:00;1993-06;37.7;Y
1993-07-01 06:00:01;1993-08-01 06:00:00;1993-07;34.4;Y
1993-08-01 06:00:01;1993-09-01 06:00:00;1993-08;92.2;Y
1993-09-01 06:00:01;1993-10-01 06:00:00;1993-09;97.0;Y
1993-10-01 06:00:01;1993-11-01 06:00:00;1993-10;63.8;Y
1993-11-01 06:00:01;1993-12-01 06:00:00;1993-11;39.2;Y
1993-12-01 06:00:01;1994-01-01 06:00:00;1993-12;64.3;Y
1994-01-01 06:00:01;1994-02-01 06:00:00;1994-01;33.7;Y
1994-02-01 06:00:01;1994-03-01 06:00:00;1994-02;77.1;Y
1994-03-01 06:00:01;1994-04-01 06:00:00;1994-03;34.5;Y
1994-04-01 06:00:01;1994-05-01 06:00:00;1994-04;32.8;Y
1994-05-01 06:00:01;1994-06-01 06:00:00;1994-05;38.8;Y
1994-06-01 06:00:01;1994-07-01 06:00:00;1994-06;28.5;Y
1994-07-01 06:00:01;1994-08-01 06:00:00;1994-07;1.3;Y
1994-08-01 06:00:01;1994-09-01 06:00:00;1994-08;75.0;Y
1994-09-01 06:00:01;1994-10-01 06:00:00;1994-09;89.3;Y
1994-10-01 06:00:01;1994-11-01 06:00:00;1994-10;33.7;Y
1994-11-01 06:00:01;1994-12-01 06:00:00;1994-11;28.3;Y
1994-12-01 06:00:01;1995-01-01 06:00:00;1994-12;75.0;Y
1995-01-01 06:00:01;1995-02-01 06:00:00;1995-01;43.7;Y
1995-02-01 06:00:01;1995-03-01 06:00:00;1995-02;38.3;Y
1995-03-01 06:00:01;1995-04-01 06:00:00;1995-03;21.1;Y
1995-04-01 06:00:01;1995-05-01 06:00:00;1995-04;37.2;Y
1995-05-01 06:00:01;1995-06-01 06:00:00;1995-05;108.5;Y
1995-06-01 06:00:01;1995-07-01 06:00:00;1995-06;64.9;Y
1995-07-01 06:00:01;1995-08-01 06:00:00;1995-07;56.0;Y
1995-08-01 06:00:01;1995-09-01 06:00:00;1995-08;25.2;Y
1995-09-01 06:00:01;1995-10-01 06:00:00;1995-09;109.9;Y
1995-10-01 06:00:01;1995-11-01 06:00:00;1995-10;23.1;Y
1995-11-01 06:00:01;1995-12-01 06:00:00;1995-11;37.9;Y
1995-12-01 06:00:01;1996-01-01 06:00:00;1995-12;18.2;Y
1996-01-01 06:00:01;1996-02-01 06:00:00;1996-01;5.9;Y
1996-02-01 06:00:01;1996-03-01 06:00:00;1996-02;40.0;Y
1996-03-01 06:00:01;1996-04-01 06:00:00;1996-03;10.6;Y
1996-04-01 06:00:01;1996-05-01 06:00:00;1996-04;14.4;Y
1996-05-01 06:00:01;1996-06-01 06:00:00;1996-05;111.4;Y
1996-06-01 06:00:01;1996-07-01 06:00:00;1996-06;24.8;Y
1996-07-01 06:00:01;1996-08-01 06:00:00;1996-07;72.8;Y
1996-08-01 06:00:01;1996-09-01 06:00:00;1996-08;33.9;Y
1996-09-01 06:00:01;1996-10-01 06:00:00;1996-09;44.0;Y
1996-10-01 06:00:01;1996-11-01 06:00:00;1996-10;38.3;Y
1996-11-01 06:00:01;1996-12-01 06:00:00;1996-11;83.3;Y
1996-12-01 06:00:01;1997-01-01 06:00:00;1996-12;48.4;Y
1997-01-01 06:00:01;1997-02-01 06:00:00;1997-01;8.2;Y
1997-02-01 06:00:01;1997-03-01 06:00:00;1997-02;34.9;Y
1997-03-01 06:00:01;1997-04-01 06:00:00;1997-03;8.9;Y
1997-04-01 06:00:01;1997-05-01 06:00:00;1997-04;26.4;Y
1997-05-01 06:00:01;1997-06-01 06:00:00;1997-05;34.4;Y
1997-06-01 06:00:01;1997-07-01 06:00:00;1997-06;37.8;Y
1997-07-01 06:00:01;1997-08-01 06:00:00;1997-07;28.5;Y
1997-08-01 06:00:01;1997-09-01 06:00:00;1997-08;6.3;Y
1997-09-01 06:00:01;1997-10-01 06:00:00;1997-09;53.8;Y
1997-10-01 06:00:01;1997-11-01 06:00:00;1997-10;87.2;Y
1997-11-01 06:00:01;1997-12-01 06:00:00;1997-11;51.1;Y
1997-12-01 06:00:01;1998-01-01 06:00:00;1997-12;57.4;Y
1998-01-01 06:00:01;1998-02-01 06:00:00;1998-01;45.1;Y
1998-02-01 06:00:01;1998-03-01 06:00:00;1998-02;48.9;Y
1998-03-01 06:00:01;1998-04-01 06:00:00;1998-03;41.0;Y
1998-04-01 06:00:01;1998-05-01 06:00:00;1998-04;41.0;Y
1998-05-01 06:00:01;1998-06-01 06:00:00;1998-05;26.9;Y
1998-06-01 06:00:01;1998-07-01 06:00:00;1998-06;56.6;Y
1998-07-01 06:00:01;1998-08-01 06:00:00;1998-07;34.5;Y
1998-08-01 06:00:01;1998-09-01 06:00:00;1998-08;50.7;Y
1998-09-01 06:00:01;1998-10-01 06:00:00;1998-09;33.0;Y
1998-10-01 06:00:01;1998-11-01 06:00:00;1998-10;49.6;Y
1998-11-01 06:00:01;1998-12-01 06:00:00;1998-11;38.4;Y
1998-12-01 06:00:01;1999-01-01 06:00:00;1998-12;54.4;Y
1999-01-01 06:00:01;1999-02-01 06:00:00;1999-01;53.5;Y
1999-02-01 06:00:01;1999-03-01 06:00:00;1999-02;45.4;Y
1999-03-01 06:00:01;1999-04-01 06:00:00;1999-03;15.5;Y
1999-04-01 06:00:01;1999-05-01 06:00:00;1999-04;46.8;Y
1999-05-01 06:00:01;1999-06-01 06:00:00;1999-05;33.2;Y
1999-06-01 06:00:01;1999-07-01 06:00:00;1999-06;82.3;Y
1999-07-01 06:00:01;1999-08-01 06:00:00;1999-07;2.9;Y
1999-08-01 06:00:01;1999-09-01 06:00:00;1999-08;50.3;Y
1999-09-01 06:00:01;1999-10-01 06:00:00;1999-09;47.7;Y
1999-10-01 06:00:01;1999-11-01 06:00:00;1999-10;32.4;Y
1999-11-01 06:00:01;1999-12-01 06:00:00;1999-11;39.7;Y
1999-12-01 06:00:01;2000-01-01 06:00:00;1999-12;65.1;Y
2000-01-01 06:00:01;2000-02-01 06:00:00;2000-01;15.9;Y
2000-02-01 06:00:01;2000-03-01 06:00:00;2000-02;25.5;Y
2000-03-01 06:00:01;2000-04-01 06:00:00;2000-03;45.2;Y
2000-04-01 06:00:01;2000-05-01 06:00:00;2000-04;25.0;Y
2000-05-01 06:00:01;2000-06-01 06:00:00;2000-05;23.9;Y
2000-06-01 06:00:01;2000-07-01 06:00:00;2000-06;38.5;Y
2000-07-01 06:00:01;2000-08-01 06:00:00;2000-07;126.6;Y
2000-08-01 06:00:01;2000-09-01 06:00:00;2000-08;40.2;Y
2000-09-01 06:00:01;2000-10-01 06:00:00;2000-09;4.0;Y
2000-10-01 06:00:01;2000-11-01 06:00:00;2000-10;46.1;Y
2000-11-01 06:00:01;2000-12-01 06:00:00;2000-11;109.0;Y
2000-12-01 06:00:01;2001-01-01 06:00:00;2000-12;70.5;Y
2001-01-01 06:00:01;2001-02-01 06:00:00;2001-01;41.2;Y
2001-02-01 06:00:01;2001-03-01 06:00:00;2001-02;36.2;Y
2001-03-01 06:00:01;2001-04-01 06:00:00;2001-03;26.9;Y
2001-04-01 06:00:01;2001-05-01 06:00:00;2001-04;20.9;Y
2001-05-01 06:00:01;2001-06-01 06:00:00;2001-05;31.1;Y
2001-06-01 06:00:01;2001-07-01 06:00:00;2001-06;46.6;Y
2001-07-01 06:00:01;2001-08-01 06:00:00;2001-07;30.5;Y
2001-08-01 06:00:01;2001-09-01 06:00:00;2001-08;72.6;Y
2001-09-01 06:00:01;2001-10-01 06:00:00;2001-09;118.0;Y
2001-10-01 06:00:01;2001-11-01 06:00:00;2001-10;36.0;Y
2001-11-01 06:00:01;2001-12-01 06:00:00;2001-11;47.0;Y
2001-12-01 06:00:01;2002-01-01 06:00:00;2001-12;71.6;Y
2002-01-01 06:00:01;2002-02-01 06:00:00;2002-01;65.6;Y
2002-02-01 06:00:01;2002-03-01 06:00:00;2002-02;52.3;Y
2002-03-01 06:00:01;2002-04-01 06:00:00;2002-03;20.8;Y
2002-04-01 06:00:01;2002-05-01 06:00:00;2002-04;6.8;Y
2002-05-01 06:00:01;2002-06-01 06:00:00;2002-05;35.5;Y
2002-06-01 06:00:01;2002-07-01 06:00:00;2002-06;32.4;Y
2002-07-01 06:00:01;2002-08-01 06:00:00;2002-07;57.7;Y
2002-08-01 06:00:01;2002-09-01 06:00:00;2002-08;0.0;Y
2002-09-01 06:00:01;2002-10-01 06:00:00;2002-09;20.2;Y
2002-10-01 06:00:01;2002-11-01 06:00:00;2002-10;149.2;Y
2002-11-01 06:00:01;2002-12-01 06:00:00;2002-11;63.8;Y
2002-12-01 06:00:01;2003-01-01 06:00:00;2002-12;32.4;Y
2003-01-01 06:00:01;2003-02-01 06:00:00;2003-01;33.8;Y
2003-02-01 06:00:01;2003-03-01 06:00:00;2003-02;11.2;Y
2003-03-01 06:00:01;2003-04-01 06:00:00;2003-03;4.4;Y
2003-04-01 06:00:01;2003-05-01 06:00:00;2003-04;39.7;Y
2003-05-01 06:00:01;2003-06-01 06:00:00;2003-05;19.8;Y
2003-06-01 06:00:01;2003-07-01 06:00:00;2003-06;41.0;Y
2003-07-01 06:00:01;2003-08-01 06:00:00;2003-07;121.2;Y
2003-08-01 06:00:01;2003-09-01 06:00:00;2003-08;92.1;Y
2003-09-01 06:00:01;2003-10-01 06:00:00;2003-09;21.0;Y
2003-10-01 06:00:01;2003-11-01 06:00:00;2003-10;38.1;Y
2003-11-01 06:00:01;2003-12-01 06:00:00;2003-11;50.5;Y
2003-12-01 06:00:01;2004-01-01 06:00:00;2003-12;63.9;Y
2004-01-01 06:00:01;2004-02-01 06:00:00;2004-01;37.8;Y
2004-02-01 06:00:01;2004-03-01 06:00:00;2004-02;19.8;Y
2004-03-01 06:00:01;2004-04-01 06:00:00;2004-03;28.5;Y
2004-04-01 06:00:01;2004-05-01 06:00:00;2004-04;18.8;Y
2004-05-01 06:00:01;2004-06-01 06:00:00;2004-05;53.3;Y
2004-06-01 06:00:01;2004-07-01 06:00:00;2004-06;36.6;Y
2004-07-01 06:00:01;2004-08-01 06:00:00;2004-07;73.9;Y
2004-08-01 06:00:01;2004-09-01 06:00:00;2004-08;35.6;Y
2004-09-01 06:00:01;2004-10-01 06:00:00;2004-09;17.9;Y
2004-10-01 06:00:01;2004-11-01 06:00:00;2004-10;44.1;Y
2004-11-01 06:00:01;2004-12-01 06:00:00;2004-11;60.2;Y
2004-12-01 06:00:01;2005-01-01 06:00:00;2004-12;18.5;Y
2005-01-01 06:00:01;2005-02-01 06:00:00;2005-01;40.3;Y
2005-02-01 06:00:01;2005-03-01 06:00:00;2005-02;29.4;Y
2005-03-01 06:00:01;2005-04-01 06:00:00;2005-03;27.5;Y
2005-04-01 06:00:01;2005-05-01 06:00:00;2005-04;2.7;Y
2005-05-01 06:00:01;2005-06-01 06:00:00;2005-05;20.2;Y
2005-06-01 06:00:01;2005-07-01 06:00:00;2005-06;69.6;Y
2005-07-01 06:00:01;2005-08-01 06:00:00;2005-07;90.4;Y
2005-08-01 06:00:01;2005-09-01 06:00:00;2005-08;68.8;Y
2005-09-01 06:00:01;2005-10-01 06:00:00;2005-09;24.2;Y
2005-10-01 06:00:01;2005-11-01 06:00:00;2005-10;31.8;Y
2005-11-01 06:00:01;2005-12-01 06:00:00;2005-11;58.0;Y
2005-12-01 06:00:01;2006-01-01 06:00:00;2005-12;71.9;Y
2006-01-01 06:00:01;2006-02-01 06:00:00;2006-01;11.1;Y
2006-02-01 06:00:01;2006-03-01 06:00:00;2006-02;33.7;Y
2006-03-01 06:00:01;2006-04-01 06:00:00;2006-03;44.8;Y
2006-04-01 06:00:01;2006-05-01 06:00:00;2006-04;33.6;Y
2006-05-01 06:00:01;2006-06-01 06:00:00;2006-05;24.2;Y
2006-06-01 06:00:01;2006-07-01 06:00:00;2006-06;13.5;Y
2006-07-01 06:00:01;2006-08-01 06:00:00;2006-07;11.1;Y
2006-08-01 06:00:01;2006-09-01 06:00:00;2006-08;87.6;Y
2006-09-01 06:00:01;2006-10-01 06:00:00;2006-09;10.4;Y
2006-10-01 06:00:01;2006-11-01 06:00:00;2006-10;79.1;Y
2006-11-01 06:00:01;2006-12-01 06:00:00;2006-11;82.6;Y
2006-12-01 06:00:01;2007-01-01 06:00:00;2006-12;22.4;Y
2007-01-01 06:00:01;2007-02-01 06:00:00;2007-01;77.0;Y
2007-02-01 06:00:01;2007-03-01 06:00:00;2007-02;31.7;Y
2007-03-01 06:00:01;2007-04-01 06:00:00;2007-03;39.8;Y
2007-04-01 06:00:01;2007-05-01 06:00:00;2007-04;8.4;Y
2007-05-01 06:00:01;2007-06-01 06:00:00;2007-05;19.5;Y
2007-06-01 06:00:01;2007-07-01 06:00:00;2007-06;25.5;Y
2007-07-01 06:00:01;2007-08-01 06:00:00;2007-07;109.9;Y
2007-08-01 06:00:01;2007-09-01 06:00:00;2007-08;56.9;Y
2007-09-01 06:00:01;2007-10-01 06:00:00;2007-09;37.6;Y
2007-10-01 06:00:01;2007-11-01 06:00:00;2007-10;12.2;Y
2007-11-01 06:00:01;2007-12-01 06:00:00;2007-11;86.6;Y
2007-12-01 06:00:01;2008-01-01 06:00:00;2007-12;47.5;Y
2008-01-01 06:00:01;2008-02-01 06:00:00;2008-01;46.7;Y
2008-02-01 06:00:01;2008-03-01 06:00:00;2008-02;11.2;Y
2008-03-01 06:00:01;2008-04-01 06:00:00;2008-03;39.0;Y
2008-04-01 06:00:01;2008-05-01 06:00:00;2008-04;35.2;Y
2008-05-01 06:00:01;2008-06-01 06:00:00;2008-05;4.2;Y
2008-06-01 06:00:01;2008-07-01 06:00:00;2008-06;17.6;Y
2008-07-01 06:00:01;2008-08-01 06:00:00;2008-07;55.2;Y
2008-08-01 06:00:01;2008-09-01 06:00:00;2008-08;75.9;Y
2008-09-01 06:00:01;2008-10-01 06:00:00;2008-09;37.8;Y
2008-10-01 06:00:01;2008-11-01 06:00:00;2008-10;82.8;Y
2008-11-01 06:00:01;2008-12-01 06:00:00;2008-11;38.8;Y
2008-12-01 06:00:01;2009-01-01 06:00:00;2008-12;40.4;Y
2009-01-01 06:00:01;2009-02-01 06:00:00;2009-01;12.3;Y
2009-02-01 06:00:01;2009-03-01 06:00:00;2009-02;34.2;Y
2009-03-01 06:00:01;2009-04-01 06:00:00;2009-03;43.0;Y
2009-04-01 06:00:01;2009-05-01 06:00:00;2009-04;9.3;Y
2009-05-01 06:00:01;2009-06-01 06:00:00;2009-05;30.3;Y
2009-06-01 06:00:01;2009-07-01 06:00:00;2009-06;47.8;Y
2009-07-01 06:00:01;2009-08-01 06:00:00;2009-07;73.3;Y
2009-08-01 06:00:01;2009-09-01 06:00:00;2009-08;25.0;Y
2009-09-01 06:00:01;2009-10-01 06:00:00;2009-09;63.0;Y
2009-10-01 06:00:01;2009-11-01 06:00:00;2009-10;64.3;Y
2009-11-01 06:00:01;2009-12-01 06:00:00;2009-11;47.7;Y
2009-12-01 06:00:01;2010-01-01 06:00:00;2009-12;40.8;Y
2010-01-01 06:00:01;2010-02-01 06:00:00;2010-01;43.8;Y
2010-02-01 06:00:01;2010-03-01 06:00:00;2010-02;52.6;Y
2010-03-01 06:00:01;2010-04-01 06:00:00;2010-03;23.9;Y
2010-04-01 06:00:01;2010-05-01 06:00:00;2010-04;13.7;Y
2010-05-01 06:00:01;2010-06-01 06:00:00;2010-05;43.0;Y
2010-06-01 06:00:01;2010-07-01 06:00:00;2010-06;25.1;Y
2010-07-01 06:00:01;2010-08-01 06:00:00;2010-07;88.8;Y
2010-08-01 06:00:01;2010-09-01 06:00:00;2010-08;96.9;Y
2010-09-01 06:00:01;2010-10-01 06:00:00;2010-09;24.5;Y
2010-10-01 06:00:01;2010-11-01 06:00:00;2010-10;21.7;Y
2010-11-01 06:00:01;2010-12-01 06:00:00;2010-11;144.9;Y
2010-12-01 06:00:01;2011-01-01 06:00:00;2010-12;79.2;Y
2011-01-01 06:00:01;2011-02-01 06:00:00;2011-01;50.6;Y
2011-02-01 06:00:01;2011-03-01 06:00:00;2011-02;31.0;Y
2011-03-01 06:00:01;2011-04-01 06:00:00;2011-03;10.7;Y
2011-04-01 06:00:01;2011-05-01 06:00:00;2011-04;36.2;Y
2011-05-01 06:00:01;2011-06-01 06:00:00;2011-05;9.6;Y
2011-06-01 06:00:01;2011-07-01 06:00:00;2011-06;24.8;Y
2011-07-01 06:00:01;2011-08-01 06:00:00;2011-07;99.5;Y
2011-08-01 06:00:01;2011-09-01 06:00:00;2011-08;47.9;Y
2011-09-01 06:00:01;2011-10-01 06:00:00;2011-09;23.5;Y
2011-10-01 06:00:01;2011-11-01 06:00:00;2011-10;33.9;Y
2011-11-01 06:00:01;2011-12-01 06:00:00;2011-11;7.5;Y
2011-12-01 06:00:01;2012-01-01 06:00:00;2011-12;66.1;Y
2012-01-01 06:00:01;2012-02-01 06:00:00;2012-01;71.4;Y
2012-02-01 06:00:01;2012-03-01 06:00:00;2012-02;49.9;Y
2012-03-01 06:00:01;2012-04-01 06:00:00;2012-03;12.6;Y
2012-04-01 06:00:01;2012-05-01 06:00:00;2012-04;34.9;Y
2012-05-01 06:00:01;2012-06-01 06:00:00;2012-05;16.0;Y
2012-06-01 06:00:01;2012-07-01 06:00:00;2012-06;71.0;Y
2012-07-01 06:00:01;2012-08-01 06:00:00;2012-07;116.6;Y
2012-08-01 06:00:01;2012-09-01 06:00:00;2012-08;48.2;Y
2012-09-01 06:00:01;2012-10-01 06:00:00;2012-09;26.0;Y
2012-10-01 06:00:01;2012-11-01 06:00:00;2012-10;76.5;Y
2012-11-01 06:00:01;2012-12-01 06:00:00;2012-11;49.0;Y
2012-12-01 06:00:01;2013-01-01 06:00:00;2012-12;69.1;G
2013-01-01 06:00:01;2013-02-01 06:00:00;2013-01;37.3;Y
2013-02-01 06:00:01;2013-03-01 06:00:00;2013-02;29.5;Y
2013-03-01 06:00:01;2013-04-01 06:00:00;2013-03;9.8;Y
2013-04-01 06:00:01;2013-05-01 06:00:00;2013-04;21.0;Y
2013-05-01 06:00:01;2013-06-01 06:00:00;2013-05;28.5;Y
2013-06-01 06:00:01;2013-07-01 06:00:00;2013-06;37.0;Y
2013-07-01 06:00:01;2013-08-01 06:00:00;2013-07;83.9;Y
2013-08-01 06:00:01;2013-09-01 06:00:00;2013-08;12.5;Y
2013-09-01 06:00:01;2013-10-01 06:00:00;2013-09;40.6;Y
2013-10-01 06:00:01;2013-11-01 06:00:00;2013-10;29.2;Y
2013-11-01 06:00:01;2013-12-01 06:00:00;2013-11;58.8;Y
2013-12-01 06:00:01;2014-01-01 06:00:00;2013-12;34.6;Y
2014-01-01 06:00:01;2014-02-01 06:00:00;2014-01;57.9;Y
2014-02-01 06:00:01;2014-03-01 06:00:00;2014-02;16.3;Y
2014-03-01 06:00:01;2014-04-01 06:00:00;2014-03;30.5;Y
2014-04-01 06:00:01;2014-05-01 06:00:00;2014-04;9.9;Y
2014-05-01 06:00:01;2014-06-01 06:00:00;2014-05;17.8;Y
2014-06-01 06:00:01;2014-07-01 06:00:00;2014-06;53.7;Y
2014-07-01 06:00:01;2014-08-01 06:00:00;2014-07;94.3;Y
2014-08-01 06:00:01;2014-09-01 06:00:00;2014-08;69.0;Y
2014-09-01 06:00:01;2014-10-01 06:00:00;2014-09;22.8;Y
2014-10-01 06:00:01;2014-11-01 06:00:00;2014-10;56.4;Y
2014-11-01 06:00:01;2014-12-01 06:00:00;2014-11;22.0;Y
2014-12-01 06:00:01;2015-01-01 06:00:00;2014-12;44.0;Y
2015-01-01 06:00:01;2015-02-01 06:00:00;2015-01;52.2;Y
2015-02-01 06:00:01;2015-03-01 06:00:00;2015-02;10.4;Y
2015-03-01 06:00:01;2015-04-01 06:00:00;2015-03;40.1;Y
2015-04-01 06:00:01;2015-05-01 06:00:00;2015-04;18.8;Y
2015-05-01 06:00:01;2015-06-01 06:00:00;2015-05;45.2;Y
2015-06-01 06:00:01;2015-07-01 06:00:00;2015-06;35.6;Y
2015-07-01 06:00:01;2015-08-01 06:00:00;2015-07;51.8;Y
2015-08-01 06:00:01;2015-09-01 06:00:00;2015-08;24.7;Y
2015-09-01 06:00:01;2015-10-01 06:00:00;2015-09;62.9;Y
2015-10-01 06:00:01;2015-11-01 06:00:00;2015-10;3.8;Y
2015-11-01 06:00:01;2015-12-01 06:00:00;2015-11;39.6;Y
2015-12-01 06:00:01;2016-01-01 06:00:00;2015-12;22.8;Y
2016-01-01 06:00:01;2016-02-01 06:00:00;2016-01;20.7;Y
2016-02-01 06:00:01;2016-03-01 06:00:00;2016-02;17.3;Y
2016-03-01 06:00:01;2016-04-01 06:00:00;2016-03;16.9;Y
2016-04-01 06:00:01;2016-05-01 06:00:00;2016-04;11.7;Y
2016-05-01 06:00:01;2016-06-01 06:00:00;2016-05;50.1;Y
2016-06-01 06:00:01;2016-07-01 06:00:00;2016-06;70.8;Y
2016-07-01 06:00:01;2016-08-01 06:00:00;2016-07;52.9;Y
2016-08-01 06:00:01;2016-09-01 06:00:00;2016-08;45.3;Y
2016-09-01 06:00:01;2016-10-01 06:00:00;2016-09;20.5;Y
2016-10-01 06:00:01;2016-11-01 06:00:00;2016-10;73.4;Y
2016-11-01 06:00:01;2016-12-01 06:00:00;2016-11;100.0;Y
2016-12-01 06:00:01;2017-01-01 06:00:00;2016-12;21.8;Y
2017-01-01 06:00:01;2017-02-01 06:00:00;2017-01;18.5;Y
2017-02-01 06:00:01;2017-03-01 06:00:00;2017-02;13.9;Y
2017-03-01 06:00:01;2017-04-01 06:00:00;2017-03;48.9;Y
2017-04-01 06:00:01;2017-05-01 06:00:00;2017-04;21.4;Y
2017-05-01 06:00:01;2017-06-01 06:00:00;2017-05;19.1;Y
2017-06-01 06:00:01;2017-07-01 06:00:00;2017-06;47.7;Y
2017-07-01 06:00:01;2017-08-01 06:00:00;2017-07;62.0;Y
2017-08-01 06:00:01;2017-09-01 06:00:00;2017-08;64.9;Y
2017-09-01 06:00:01;2017-10-01 06:00:00;2017-09;63.5;Y
2017-10-01 06:00:01;2017-11-01 06:00:00;2017-10;82.4;Y
2017-11-01 06:00:01;2017-12-01 06:00:00;2017-11;74.0;Y
2017-12-01 06:00:01;2018-01-01 06:00:00;2017-12;63.1;Y
2018-01-01 06:00:01;2018-02-01 06:00:00;2018-01;37.7;Y
2018-02-01 06:00:01;2018-03-01 06:00:00;2018-02;39.4;Y
2018-03-01 06:00:01;2018-04-01 06:00:00;2018-03;17.8;Y
2018-04-01 06:00:01;2018-05-01 06:00:00;2018-04;26.7;Y
2018-05-01 06:00:01;2018-06-01 06:00:00;2018-05;9.5;Y
2018-06-01 06:00:01;2018-07-01 06:00:00;2018-06;6.5;Y
2018-07-01 06:00:01;2018-08-01 06:00:00;2018-07;22.3;Y
2018-08-01 06:00:01;2018-09-01 06:00:00;2018-08;47.0;Y
2018-09-01 06:00:01;2018-10-01 06:00:00;2018-09;16.8;Y
2018-10-01 06:00:01;2018-11-01 06:00:00;2018-10;40.0;Y
2018-11-01 06:00:01;2018-12-01 06:00:00;2018-11;17.6;Y
2018-12-01 06:00:01;2019-01-01 06:00:00;2018-12;47.1;Y
2019-01-01 06:00:01;2019-02-01 06:00:00;2019-01;50.5;Y
2019-02-01 06:00:01;2019-03-01 06:00:00;2019-02;31.6;Y
