Från Datum Tid (UTC),Till Datum Tid (UTC),Representativ månad,Lufttemperatur,Kvalitet,Latitude,Longitude,,Tidsutsnitt:
01/01/1912 00:00,01/02/1912 00:00,1912-01,-3,G,57.4034,18.5297,,Kvalitetskontrollerade historiska data (utom de senaste 3 mån)
01/02/1912 00:00,01/03/1912 00:00,1912-02,-2.6,G,57.4034,18.5297,,Tidsperiod (fr.o.m.) = 1912-02-01 00:00:00 (UTC)
01/03/1912 00:00,01/04/1912 00:00,1912-03,2.3,G,57.4034,18.5297,,Tidsperiod (t.o.m.) = 1983-08-31 23:59:59 (UTC)
01/04/1912 00:00,01/05/1912 00:00,1912-04,3.3,G,57.4034,18.5297,,Medelvärdet är beräknat för = 1 månad
01/05/1912 00:00,01/06/1912 00:00,1912-05,7.7,G,57.4034,18.5297,,
01/06/1912 00:00,01/07/1912 00:00,1912-06,13.8,G,57.4034,18.5297,,Kvalitetskoderna:
01/07/1912 00:00,01/08/1912 00:00,1912-07,17.6,G,57.4034,18.5297,,Grön (G) = Kontrollerade och godkända värden.
01/08/1912 00:00,01/09/1912 00:00,1912-08,15.8,G,57.4034,18.5297,,Gul (Y) = Misstänkta eller aggregerade värden. Grovt kontrollerade arkivdata och okontrollerade realtidsdata (senaste 2 tim).
01/09/1912 00:00,01/10/1912 00:00,1912-09,9.1,G,57.4034,18.5297,,
01/10/1912 00:00,01/11/1912 00:00,1912-10,5,G,57.4034,18.5297,,Orsaker till saknade data:
01/11/1912 00:00,01/12/1912 00:00,1912-11,2.2,G,57.4034,18.5297,,  stationen eller givaren har varit ur funktion.
01/12/1912 00:00,01/01/1913 00:00,1912-12,2.8,G,57.4034,18.5297,,
01/01/1913 00:00,01/02/1913 00:00,1913-01,-1,G,57.4034,18.5297,,
01/02/1913 00:00,01/03/1913 00:00,1913-02,0.5,G,57.4034,18.5297,,
01/03/1913 00:00,01/04/1913 00:00,1913-03,2.3,G,57.4034,18.5297,,
01/04/1913 00:00,01/05/1913 00:00,1913-04,4.9,G,57.4034,18.5297,,
01/05/1913 00:00,01/06/1913 00:00,1913-05,9.6,G,57.4034,18.5297,,
01/06/1913 00:00,01/07/1913 00:00,1913-06,13.6,G,57.4034,18.5297,,
01/07/1913 00:00,01/08/1913 00:00,1913-07,15.8,G,57.4034,18.5297,,
01/08/1913 00:00,01/09/1913 00:00,1913-08,15,G,57.4034,18.5297,,
01/09/1913 00:00,01/10/1913 00:00,1913-09,12,G,57.4034,18.5297,,
01/10/1913 00:00,01/11/1913 00:00,1913-10,7.1,G,57.4034,18.5297,,
01/11/1913 00:00,01/12/1913 00:00,1913-11,5.3,G,57.4034,18.5297,,
01/12/1913 00:00,01/01/1914 00:00,1913-12,0.1,G,57.4034,18.5297,,
01/01/1914 00:00,01/02/1914 00:00,1914-01,-1.4,G,57.4034,18.5297,,
01/02/1914 00:00,01/03/1914 00:00,1914-02,1.8,G,57.4034,18.5297,,
01/03/1914 00:00,01/04/1914 00:00,1914-03,0.8,G,57.4034,18.5297,,
01/04/1914 00:00,01/05/1914 00:00,1914-04,6.2,G,57.4034,18.5297,,
01/05/1914 00:00,01/06/1914 00:00,1914-05,9.8,G,57.4034,18.5297,,
01/06/1914 00:00,01/07/1914 00:00,1914-06,14.7,G,57.4034,18.5297,,
01/07/1914 00:00,01/08/1914 00:00,1914-07,20.7,G,57.4034,18.5297,,
01/08/1914 00:00,01/09/1914 00:00,1914-08,15.4,G,57.4034,18.5297,,
01/09/1914 00:00,01/10/1914 00:00,1914-09,11.4,G,57.4034,18.5297,,
01/10/1914 00:00,01/11/1914 00:00,1914-10,6.4,G,57.4034,18.5297,,
01/11/1914 00:00,01/12/1914 00:00,1914-11,2.7,G,57.4034,18.5297,,
01/12/1914 00:00,01/01/1915 00:00,1914-12,3.2,G,57.4034,18.5297,,
01/01/1915 00:00,01/02/1915 00:00,1915-01,-2.4,G,57.4034,18.5297,,
01/02/1915 00:00,01/03/1915 00:00,1915-02,-0.5,G,57.4034,18.5297,,
01/03/1915 00:00,01/04/1915 00:00,1915-03,-2.6,G,57.4034,18.5297,,
01/04/1915 00:00,01/05/1915 00:00,1915-04,4,G,57.4034,18.5297,,
01/05/1915 00:00,01/06/1915 00:00,1915-05,7.7,G,57.4034,18.5297,,
01/06/1915 00:00,01/07/1915 00:00,1915-06,12.6,G,57.4034,18.5297,,
01/07/1915 00:00,01/08/1915 00:00,1915-07,16.3,G,57.4034,18.5297,,
01/08/1915 00:00,01/09/1915 00:00,1915-08,14.8,G,57.4034,18.5297,,
01/09/1915 00:00,01/10/1915 00:00,1915-09,11.1,G,57.4034,18.5297,,
01/10/1915 00:00,01/11/1915 00:00,1915-10,4.7,G,57.4034,18.5297,,
01/11/1915 00:00,01/12/1915 00:00,1915-11,1.8,G,57.4034,18.5297,,
01/12/1915 00:00,01/01/1916 00:00,1915-12,-2.3,G,57.4034,18.5297,,
01/01/1916 00:00,01/02/1916 00:00,1916-01,-0.5,G,57.4034,18.5297,,
01/02/1916 00:00,01/03/1916 00:00,1916-02,-0.9,G,57.4034,18.5297,,
01/03/1916 00:00,01/04/1916 00:00,1916-03,-0.3,G,57.4034,18.5297,,
01/04/1916 00:00,01/05/1916 00:00,1916-04,5.4,G,57.4034,18.5297,,
01/05/1916 00:00,01/06/1916 00:00,1916-05,8.2,G,57.4034,18.5297,,
01/06/1916 00:00,01/07/1916 00:00,1916-06,11.6,G,57.4034,18.5297,,
01/07/1916 00:00,01/08/1916 00:00,1916-07,16,G,57.4034,18.5297,,
01/08/1916 00:00,01/09/1916 00:00,1916-08,13.5,G,57.4034,18.5297,,
01/09/1916 00:00,01/10/1916 00:00,1916-09,9.9,G,57.4034,18.5297,,
01/10/1916 00:00,01/11/1916 00:00,1916-10,6.4,G,57.4034,18.5297,,
01/11/1916 00:00,01/12/1916 00:00,1916-11,4.5,G,57.4034,18.5297,,
01/12/1916 00:00,01/01/1917 00:00,1916-12,0.9,G,57.4034,18.5297,,
01/01/1917 00:00,01/02/1917 00:00,1917-01,-3.6,G,57.4034,18.5297,,
01/02/1917 00:00,01/03/1917 00:00,1917-02,-4.8,G,57.4034,18.5297,,
01/03/1917 00:00,01/04/1917 00:00,1917-03,-4.8,G,57.4034,18.5297,,
01/04/1917 00:00,01/05/1917 00:00,1917-04,1.7,G,57.4034,18.5297,,
01/05/1917 00:00,01/06/1917 00:00,1917-05,7.7,G,57.4034,18.5297,,
01/06/1917 00:00,01/07/1917 00:00,1917-06,16.5,G,57.4034,18.5297,,
01/07/1917 00:00,01/08/1917 00:00,1917-07,15.2,G,57.4034,18.5297,,
01/08/1917 00:00,01/09/1917 00:00,1917-08,16.5,G,57.4034,18.5297,,
01/09/1917 00:00,01/10/1917 00:00,1917-09,11.9,G,57.4034,18.5297,,
01/10/1917 00:00,01/11/1917 00:00,1917-10,7.3,G,57.4034,18.5297,,
01/11/1917 00:00,01/12/1917 00:00,1917-11,3.4,G,57.4034,18.5297,,
01/12/1917 00:00,01/01/1918 00:00,1917-12,-2,G,57.4034,18.5297,,
01/01/1918 00:00,01/02/1918 00:00,1918-01,-4.3,G,57.4034,18.5297,,
01/02/1918 00:00,01/03/1918 00:00,1918-02,-1.7,G,57.4034,18.5297,,
01/03/1918 00:00,01/04/1918 00:00,1918-03,-0.6,G,57.4034,18.5297,,
01/04/1918 00:00,01/05/1918 00:00,1918-04,5.4,G,57.4034,18.5297,,
01/05/1918 00:00,01/06/1918 00:00,1918-05,8.7,G,57.4034,18.5297,,
01/06/1918 00:00,01/07/1918 00:00,1918-06,11.4,G,57.4034,18.5297,,
01/07/1918 00:00,01/08/1918 00:00,1918-07,16.4,G,57.4034,18.5297,,
01/08/1918 00:00,01/09/1918 00:00,1918-08,14.6,G,57.4034,18.5297,,
01/09/1918 00:00,01/10/1918 00:00,1918-09,11.4,G,57.4034,18.5297,,
01/10/1918 00:00,01/11/1918 00:00,1918-10,8.3,G,57.4034,18.5297,,
01/11/1918 00:00,01/12/1918 00:00,1918-11,3.6,G,57.4034,18.5297,,
01/12/1918 00:00,01/01/1919 00:00,1918-12,-0.1,G,57.4034,18.5297,,
01/01/1919 00:00,01/02/1919 00:00,1919-01,-0.5,G,57.4034,18.5297,,
01/02/1919 00:00,01/03/1919 00:00,1919-02,-2.6,G,57.4034,18.5297,,
01/03/1919 00:00,01/04/1919 00:00,1919-03,-1.1,G,57.4034,18.5297,,
01/04/1919 00:00,01/05/1919 00:00,1919-04,4.2,G,57.4034,18.5297,,
01/05/1919 00:00,01/06/1919 00:00,1919-05,8,G,57.4034,18.5297,,
01/06/1919 00:00,01/07/1919 00:00,1919-06,12.3,G,57.4034,18.5297,,
01/07/1919 00:00,01/08/1919 00:00,1919-07,15.9,G,57.4034,18.5297,,
01/08/1919 00:00,01/09/1919 00:00,1919-08,13.7,G,57.4034,18.5297,,
01/09/1919 00:00,01/10/1919 00:00,1919-09,13.1,G,57.4034,18.5297,,
01/10/1919 00:00,01/11/1919 00:00,1919-10,5.4,G,57.4034,18.5297,,
01/11/1919 00:00,01/12/1919 00:00,1919-11,-2.2,G,57.4034,18.5297,,
01/12/1919 00:00,01/01/1920 00:00,1919-12,-2.4,G,57.4034,18.5297,,
01/01/1920 00:00,01/02/1920 00:00,1920-01,-2.5,G,57.4034,18.5297,,
01/02/1920 00:00,01/03/1920 00:00,1920-02,0.4,G,57.4034,18.5297,,
01/03/1920 00:00,01/04/1920 00:00,1920-03,2.9,G,57.4034,18.5297,,
01/04/1920 00:00,01/05/1920 00:00,1920-04,6,G,57.4034,18.5297,,
01/05/1920 00:00,01/06/1920 00:00,1920-05,10.3,G,57.4034,18.5297,,
01/06/1920 00:00,01/07/1920 00:00,1920-06,12.3,G,57.4034,18.5297,,
01/07/1920 00:00,01/08/1920 00:00,1920-07,17.4,G,57.4034,18.5297,,
01/08/1920 00:00,01/09/1920 00:00,1920-08,14.4,G,57.4034,18.5297,,
01/09/1920 00:00,01/10/1920 00:00,1920-09,11.4,G,57.4034,18.5297,,
01/10/1920 00:00,01/11/1920 00:00,1920-10,5.2,G,57.4034,18.5297,,
01/11/1920 00:00,01/12/1920 00:00,1920-11,4,G,57.4034,18.5297,,
01/12/1920 00:00,01/01/1921 00:00,1920-12,0.1,G,57.4034,18.5297,,
01/01/1921 00:00,01/02/1921 00:00,1921-01,-0.2,G,57.4034,18.5297,,
01/02/1921 00:00,01/03/1921 00:00,1921-02,-1.5,G,57.4034,18.5297,,
01/03/1921 00:00,01/04/1921 00:00,1921-03,3.6,G,57.4034,18.5297,,
01/04/1921 00:00,01/05/1921 00:00,1921-04,6.3,G,57.4034,18.5297,,
01/05/1921 00:00,01/06/1921 00:00,1921-05,11.1,G,57.4034,18.5297,,
01/06/1921 00:00,01/07/1921 00:00,1921-06,12.6,G,57.4034,18.5297,,
01/07/1921 00:00,01/08/1921 00:00,1921-07,15.3,G,57.4034,18.5297,,
01/08/1921 00:00,01/09/1921 00:00,1921-08,15.1,G,57.4034,18.5297,,
01/09/1921 00:00,01/10/1921 00:00,1921-09,10.6,G,57.4034,18.5297,,
01/10/1921 00:00,01/11/1921 00:00,1921-10,7.2,G,57.4034,18.5297,,
01/11/1921 00:00,01/12/1921 00:00,1921-11,0,G,57.4034,18.5297,,
01/12/1921 00:00,01/01/1922 00:00,1921-12,-0.2,G,57.4034,18.5297,,
01/01/1922 00:00,01/02/1922 00:00,1922-01,-4.7,G,57.4034,18.5297,,
01/02/1922 00:00,01/03/1922 00:00,1922-02,-3.1,G,57.4034,18.5297,,
01/03/1922 00:00,01/04/1922 00:00,1922-03,-0.2,G,57.4034,18.5297,,
01/04/1922 00:00,01/05/1922 00:00,1922-04,2.9,G,57.4034,18.5297,,
01/05/1922 00:00,01/06/1922 00:00,1922-05,9.9,G,57.4034,18.5297,,
01/06/1922 00:00,01/07/1922 00:00,1922-06,13.6,G,57.4034,18.5297,,
01/07/1922 00:00,01/08/1922 00:00,1922-07,15.5,G,57.4034,18.5297,,
01/08/1922 00:00,01/09/1922 00:00,1922-08,13.6,G,57.4034,18.5297,,
01/09/1922 00:00,01/10/1922 00:00,1922-09,9.6,G,57.4034,18.5297,,
01/10/1922 00:00,01/11/1922 00:00,1922-10,3.8,G,57.4034,18.5297,,
01/11/1922 00:00,01/12/1922 00:00,1922-11,0.9,G,57.4034,18.5297,,
01/12/1922 00:00,01/01/1923 00:00,1922-12,0.4,G,57.4034,18.5297,,
01/01/1923 00:00,01/02/1923 00:00,1923-01,0,G,57.4034,18.5297,,
01/02/1923 00:00,01/03/1923 00:00,1923-02,-4.1,G,57.4034,18.5297,,
01/03/1923 00:00,01/04/1923 00:00,1923-03,0.5,G,57.4034,18.5297,,
01/04/1923 00:00,01/05/1923 00:00,1923-04,1.5,G,57.4034,18.5297,,
01/05/1923 00:00,01/06/1923 00:00,1923-05,8,G,57.4034,18.5297,,
01/06/1923 00:00,01/07/1923 00:00,1923-06,10.7,G,57.4034,18.5297,,
01/07/1923 00:00,01/08/1923 00:00,1923-07,16.6,G,57.4034,18.5297,,
01/08/1923 00:00,01/09/1923 00:00,1923-08,13.8,G,57.4034,18.5297,,
01/09/1923 00:00,01/10/1923 00:00,1923-09,11.5,G,57.4034,18.5297,,
01/10/1923 00:00,01/11/1923 00:00,1923-10,7.8,G,57.4034,18.5297,,
01/11/1923 00:00,01/12/1923 00:00,1923-11,2.1,G,57.4034,18.5297,,
01/12/1923 00:00,01/01/1924 00:00,1923-12,-1.9,G,57.4034,18.5297,,
01/01/1924 00:00,01/02/1924 00:00,1924-01,-3.5,G,57.4034,18.5297,,
01/02/1924 00:00,01/03/1924 00:00,1924-02,-5.7,G,57.4034,18.5297,,
01/03/1924 00:00,01/04/1924 00:00,1924-03,-2.1,G,57.4034,18.5297,,
01/04/1924 00:00,01/05/1924 00:00,1924-04,1.8,G,57.4034,18.5297,,
01/05/1924 00:00,01/06/1924 00:00,1924-05,9.5,G,57.4034,18.5297,,
01/06/1924 00:00,01/07/1924 00:00,1924-06,13.5,G,57.4034,18.5297,,
01/07/1924 00:00,01/08/1924 00:00,1924-07,15.5,G,57.4034,18.5297,,
01/08/1924 00:00,01/09/1924 00:00,1924-08,15.1,G,57.4034,18.5297,,
01/09/1924 00:00,01/10/1924 00:00,1924-09,12.7,G,57.4034,18.5297,,
01/10/1924 00:00,01/11/1924 00:00,1924-10,8.1,G,57.4034,18.5297,,
01/11/1924 00:00,01/12/1924 00:00,1924-11,3.8,G,57.4034,18.5297,,
01/12/1924 00:00,01/01/1925 00:00,1924-12,2.4,G,57.4034,18.5297,,
01/01/1925 00:00,01/02/1925 00:00,1925-01,0.5,G,57.4034,18.5297,,
01/02/1925 00:00,01/03/1925 00:00,1925-02,1.3,G,57.4034,18.5297,,
01/03/1925 00:00,01/04/1925 00:00,1925-03,-1.2,G,57.4034,18.5297,,
01/04/1925 00:00,01/05/1925 00:00,1925-04,4.4,G,57.4034,18.5297,,
01/05/1925 00:00,01/06/1925 00:00,1925-05,10.1,G,57.4034,18.5297,,
01/06/1925 00:00,01/07/1925 00:00,1925-06,12.9,G,57.4034,18.5297,,
01/07/1925 00:00,01/08/1925 00:00,1925-07,17.9,G,57.4034,18.5297,,
01/08/1925 00:00,01/09/1925 00:00,1925-08,15.9,G,57.4034,18.5297,,
01/09/1925 00:00,01/10/1925 00:00,1925-09,11.3,G,57.4034,18.5297,,
01/10/1925 00:00,01/11/1925 00:00,1925-10,4.9,G,57.4034,18.5297,,
01/11/1925 00:00,01/12/1925 00:00,1925-11,-0.5,G,57.4034,18.5297,,
01/12/1925 00:00,01/01/1926 00:00,1925-12,-2.9,G,57.4034,18.5297,,
01/01/1926 00:00,01/02/1926 00:00,1926-01,-1.9,G,57.4034,18.5297,,
01/02/1926 00:00,01/03/1926 00:00,1926-02,-1.9,G,57.4034,18.5297,,
01/03/1926 00:00,01/04/1926 00:00,1926-03,-0.3,G,57.4034,18.5297,,
01/04/1926 00:00,01/05/1926 00:00,1926-04,4.2,G,57.4034,18.5297,,
01/05/1926 00:00,01/06/1926 00:00,1926-05,8.9,G,57.4034,18.5297,,
01/06/1926 00:00,01/07/1926 00:00,1926-06,13.7,G,57.4034,18.5297,,
01/07/1926 00:00,01/08/1926 00:00,1926-07,17.1,G,57.4034,18.5297,,
01/08/1926 00:00,01/09/1926 00:00,1926-08,14.9,G,57.4034,18.5297,,
01/09/1926 00:00,01/10/1926 00:00,1926-09,11.4,G,57.4034,18.5297,,
01/10/1926 00:00,01/11/1926 00:00,1926-10,4.5,G,57.4034,18.5297,,
01/11/1926 00:00,01/12/1926 00:00,1926-11,4.3,G,57.4034,18.5297,,
01/12/1926 00:00,01/01/1927 00:00,1926-12,-1.7,G,57.4034,18.5297,,
01/01/1927 00:00,01/02/1927 00:00,1927-01,-1,G,57.4034,18.5297,,
01/02/1927 00:00,01/03/1927 00:00,1927-02,-1,G,57.4034,18.5297,,
01/03/1927 00:00,01/04/1927 00:00,1927-03,2.7,G,57.4034,18.5297,,
01/04/1927 00:00,01/05/1927 00:00,1927-04,3.7,G,57.4034,18.5297,,
01/05/1927 00:00,01/06/1927 00:00,1927-05,6.3,G,57.4034,18.5297,,
01/06/1927 00:00,01/07/1927 00:00,1927-06,12.6,G,57.4034,18.5297,,
01/07/1927 00:00,01/08/1927 00:00,1927-07,18.8,G,57.4034,18.5297,,
01/08/1927 00:00,01/09/1927 00:00,1927-08,16.8,G,57.4034,18.5297,,
01/09/1927 00:00,01/10/1927 00:00,1927-09,11.4,G,57.4034,18.5297,,
01/10/1927 00:00,01/11/1927 00:00,1927-10,6.5,G,57.4034,18.5297,,
01/11/1927 00:00,01/12/1927 00:00,1927-11,0.4,G,57.4034,18.5297,,
01/12/1927 00:00,01/01/1928 00:00,1927-12,-3.9,G,57.4034,18.5297,,
01/01/1928 00:00,01/02/1928 00:00,1928-01,-1.3,G,57.4034,18.5297,,
01/02/1928 00:00,01/03/1928 00:00,1928-02,-1.8,G,57.4034,18.5297,,
01/03/1928 00:00,01/04/1928 00:00,1928-03,-1.5,G,57.4034,18.5297,,
01/04/1928 00:00,01/05/1928 00:00,1928-04,3.9,G,57.4034,18.5297,,
01/05/1928 00:00,01/06/1928 00:00,1928-05,7.7,G,57.4034,18.5297,,
01/06/1928 00:00,01/07/1928 00:00,1928-06,10.8,G,57.4034,18.5297,,
01/07/1928 00:00,01/08/1928 00:00,1928-07,15.3,G,57.4034,18.5297,,
01/08/1928 00:00,01/09/1928 00:00,1928-08,13.8,G,57.4034,18.5297,,
01/09/1928 00:00,01/10/1928 00:00,1928-09,10.5,G,57.4034,18.5297,,
01/10/1928 00:00,01/11/1928 00:00,1928-10,6.7,G,57.4034,18.5297,,
01/11/1928 00:00,01/12/1928 00:00,1928-11,4.3,G,57.4034,18.5297,,
01/12/1928 00:00,01/01/1929 00:00,1928-12,-0.8,G,57.4034,18.5297,,
01/01/1929 00:00,01/02/1929 00:00,1929-01,-4.8,G,57.4034,18.5297,,
01/02/1929 00:00,01/03/1929 00:00,1929-02,-7.2,G,57.4034,18.5297,,
01/03/1929 00:00,01/04/1929 00:00,1929-03,0.1,G,57.4034,18.5297,,
01/04/1929 00:00,01/05/1929 00:00,1929-04,0.7,G,57.4034,18.5297,,
01/05/1929 00:00,01/06/1929 00:00,1929-05,9.4,G,57.4034,18.5297,,
01/06/1929 00:00,01/07/1929 00:00,1929-06,11.8,G,57.4034,18.5297,,
01/07/1929 00:00,01/08/1929 00:00,1929-07,15.4,G,57.4034,18.5297,,
01/08/1929 00:00,01/09/1929 00:00,1929-08,14.3,G,57.4034,18.5297,,
01/09/1929 00:00,01/10/1929 00:00,1929-09,12.1,G,57.4034,18.5297,,
01/10/1929 00:00,01/11/1929 00:00,1929-10,8.1,G,57.4034,18.5297,,
01/11/1929 00:00,01/12/1929 00:00,1929-11,4.3,G,57.4034,18.5297,,
01/12/1929 00:00,01/01/1930 00:00,1929-12,2.6,G,57.4034,18.5297,,
01/01/1930 00:00,01/02/1930 00:00,1930-01,1.3,G,57.4034,18.5297,,
01/02/1930 00:00,01/03/1930 00:00,1930-02,-1.6,G,57.4034,18.5297,,
01/03/1930 00:00,01/04/1930 00:00,1930-03,0.9,G,57.4034,18.5297,,
01/04/1930 00:00,01/05/1930 00:00,1930-04,5.5,G,57.4034,18.5297,,
01/05/1930 00:00,01/06/1930 00:00,1930-05,9.8,G,57.4034,18.5297,,
01/06/1930 00:00,01/07/1930 00:00,1930-06,14.7,G,57.4034,18.5297,,
01/07/1930 00:00,01/08/1930 00:00,1930-07,15.5,G,57.4034,18.5297,,
01/08/1930 00:00,01/09/1930 00:00,1930-08,15.1,G,57.4034,18.5297,,
01/09/1930 00:00,01/10/1930 00:00,1930-09,10,G,57.4034,18.5297,,
01/10/1930 00:00,01/11/1930 00:00,1930-10,7.9,G,57.4034,18.5297,,
01/11/1930 00:00,01/12/1930 00:00,1930-11,2.8,G,57.4034,18.5297,,
01/12/1930 00:00,01/01/1931 00:00,1930-12,0.4,G,57.4034,18.5297,,
01/01/1931 00:00,01/02/1931 00:00,1931-01,-1.7,G,57.4034,18.5297,,
01/02/1931 00:00,01/03/1931 00:00,1931-02,-2.4,G,57.4034,18.5297,,
01/03/1931 00:00,01/04/1931 00:00,1931-03,-4.4,G,57.4034,18.5297,,
01/04/1931 00:00,01/05/1931 00:00,1931-04,1.9,G,57.4034,18.5297,,
01/05/1931 00:00,01/06/1931 00:00,1931-05,10.3,G,57.4034,18.5297,,
01/06/1931 00:00,01/07/1931 00:00,1931-06,11.5,G,57.4034,18.5297,,
01/07/1931 00:00,01/08/1931 00:00,1931-07,15,G,57.4034,18.5297,,
01/08/1931 00:00,01/09/1931 00:00,1931-08,14.1,G,57.4034,18.5297,,
01/09/1931 00:00,01/10/1931 00:00,1931-09,8.9,G,57.4034,18.5297,,
01/10/1931 00:00,01/11/1931 00:00,1931-10,5.8,G,57.4034,18.5297,,
01/11/1931 00:00,01/12/1931 00:00,1931-11,3.2,G,57.4034,18.5297,,
01/12/1931 00:00,01/01/1932 00:00,1931-12,-0.9,G,57.4034,18.5297,,
01/01/1932 00:00,01/02/1932 00:00,1932-01,1,G,57.4034,18.5297,,
01/02/1932 00:00,01/03/1932 00:00,1932-02,-1.8,G,57.4034,18.5297,,
01/03/1932 00:00,01/04/1932 00:00,1932-03,-2.3,G,57.4034,18.5297,,
01/04/1932 00:00,01/05/1932 00:00,1932-04,4,G,57.4034,18.5297,,
01/05/1932 00:00,01/06/1932 00:00,1932-05,9.3,G,57.4034,18.5297,,
01/06/1932 00:00,01/07/1932 00:00,1932-06,12.7,G,57.4034,18.5297,,
01/07/1932 00:00,01/08/1932 00:00,1932-07,17.8,G,57.4034,18.5297,,
01/08/1932 00:00,01/09/1932 00:00,1932-08,14.6,G,57.4034,18.5297,,
01/09/1932 00:00,01/10/1932 00:00,1932-09,12,G,57.4034,18.5297,,
01/10/1932 00:00,01/11/1932 00:00,1932-10,6,G,57.4034,18.5297,,
01/11/1932 00:00,01/12/1932 00:00,1932-11,2.5,G,57.4034,18.5297,,
01/12/1932 00:00,01/01/1933 00:00,1932-12,2.3,G,57.4034,18.5297,,
01/01/1933 00:00,01/02/1933 00:00,1933-01,-2.5,G,57.4034,18.5297,,
01/02/1933 00:00,01/03/1933 00:00,1933-02,-2.6,G,57.4034,18.5297,,
01/03/1933 00:00,01/04/1933 00:00,1933-03,2,G,57.4034,18.5297,,
01/04/1933 00:00,01/05/1933 00:00,1933-04,4.3,G,57.4034,18.5297,,
01/05/1933 00:00,01/06/1933 00:00,1933-05,7.5,G,57.4034,18.5297,,
01/06/1933 00:00,01/07/1933 00:00,1933-06,13.6,G,57.4034,18.5297,,
01/07/1933 00:00,01/08/1933 00:00,1933-07,15.9,G,57.4034,18.5297,,
01/08/1933 00:00,01/09/1933 00:00,1933-08,14.6,G,57.4034,18.5297,,
01/09/1933 00:00,01/10/1933 00:00,1933-09,11,G,57.4034,18.5297,,
01/10/1933 00:00,01/11/1933 00:00,1933-10,7.7,G,57.4034,18.5297,,
01/11/1933 00:00,01/12/1933 00:00,1933-11,1.5,G,57.4034,18.5297,,
01/12/1933 00:00,01/01/1934 00:00,1933-12,-1.7,G,57.4034,18.5297,,
01/01/1934 00:00,01/02/1934 00:00,1934-01,-0.2,G,57.4034,18.5297,,
01/02/1934 00:00,01/03/1934 00:00,1934-02,1,G,57.4034,18.5297,,
01/03/1934 00:00,01/04/1934 00:00,1934-03,1.7,G,57.4034,18.5297,,
01/04/1934 00:00,01/05/1934 00:00,1934-04,5.3,G,57.4034,18.5297,,
01/05/1934 00:00,01/06/1934 00:00,1934-05,11.9,G,57.4034,18.5297,,
01/06/1934 00:00,01/07/1934 00:00,1934-06,13.9,G,57.4034,18.5297,,
01/07/1934 00:00,01/08/1934 00:00,1934-07,15.6,G,57.4034,18.5297,,
01/08/1934 00:00,01/09/1934 00:00,1934-08,15.6,G,57.4034,18.5297,,
01/09/1934 00:00,01/10/1934 00:00,1934-09,13.8,G,57.4034,18.5297,,
01/10/1934 00:00,01/11/1934 00:00,1934-10,8.4,G,57.4034,18.5297,,
01/11/1934 00:00,01/12/1934 00:00,1934-11,4.1,G,57.4034,18.5297,,
01/12/1934 00:00,01/01/1935 00:00,1934-12,3,G,57.4034,18.5297,,
01/01/1935 00:00,01/02/1935 00:00,1935-01,-3,G,57.4034,18.5297,,
01/02/1935 00:00,01/03/1935 00:00,1935-02,-0.4,G,57.4034,18.5297,,
01/03/1935 00:00,01/04/1935 00:00,1935-03,-0.1,G,57.4034,18.5297,,
01/04/1935 00:00,01/05/1935 00:00,1935-04,4.4,G,57.4034,18.5297,,
01/05/1935 00:00,01/06/1935 00:00,1935-05,6.9,G,57.4034,18.5297,,
01/06/1935 00:00,01/07/1935 00:00,1935-06,14.4,G,57.4034,18.5297,,
01/07/1935 00:00,01/08/1935 00:00,1935-07,15.5,G,57.4034,18.5297,,
01/08/1935 00:00,01/09/1935 00:00,1935-08,15.1,G,57.4034,18.5297,,
01/09/1935 00:00,01/10/1935 00:00,1935-09,11.8,G,57.4034,18.5297,,
01/10/1935 00:00,01/11/1935 00:00,1935-10,7.6,G,57.4034,18.5297,,
01/11/1935 00:00,01/12/1935 00:00,1935-11,3.9,G,57.4034,18.5297,,
01/12/1935 00:00,01/01/1936 00:00,1935-12,1,G,57.4034,18.5297,,
01/01/1936 00:00,01/02/1936 00:00,1936-01,0.3,G,57.4034,18.5297,,
01/02/1936 00:00,01/03/1936 00:00,1936-02,-3.3,G,57.4034,18.5297,,
01/03/1936 00:00,01/04/1936 00:00,1936-03,0.9,G,57.4034,18.5297,,
01/04/1936 00:00,01/05/1936 00:00,1936-04,3.6,G,57.4034,18.5297,,
01/05/1936 00:00,01/06/1936 00:00,1936-05,9,G,57.4034,18.5297,,
01/06/1936 00:00,01/07/1936 00:00,1936-06,15.4,G,57.4034,18.5297,,
01/07/1936 00:00,01/08/1936 00:00,1936-07,17.6,G,57.4034,18.5297,,
01/08/1936 00:00,01/09/1936 00:00,1936-08,15.3,G,57.4034,18.5297,,
01/09/1936 00:00,01/10/1936 00:00,1936-09,10,G,57.4034,18.5297,,
01/10/1936 00:00,01/11/1936 00:00,1936-10,4.1,G,57.4034,18.5297,,
01/11/1936 00:00,01/12/1936 00:00,1936-11,3.6,G,57.4034,18.5297,,
01/12/1936 00:00,01/01/1937 00:00,1936-12,2.4,G,57.4034,18.5297,,
01/01/1937 00:00,01/02/1937 00:00,1937-01,-3.2,G,57.4034,18.5297,,
01/02/1937 00:00,01/03/1937 00:00,1937-02,-2,G,57.4034,18.5297,,
01/03/1937 00:00,01/04/1937 00:00,1937-03,-0.9,G,57.4034,18.5297,,
01/04/1937 00:00,01/05/1937 00:00,1937-04,6,G,57.4034,18.5297,,
01/05/1937 00:00,01/06/1937 00:00,1937-05,11.9,G,57.4034,18.5297,,
01/06/1937 00:00,01/07/1937 00:00,1937-06,14.5,G,57.4034,18.5297,,
01/07/1937 00:00,01/08/1937 00:00,1937-07,17.1,G,57.4034,18.5297,,
01/08/1937 00:00,01/09/1937 00:00,1937-08,17.3,G,57.4034,18.5297,,
01/09/1937 00:00,01/10/1937 00:00,1937-09,12.8,G,57.4034,18.5297,,
01/10/1937 00:00,01/11/1937 00:00,1937-10,7.6,G,57.4034,18.5297,,
01/11/1937 00:00,01/12/1937 00:00,1937-11,2.5,G,57.4034,18.5297,,
01/12/1937 00:00,01/01/1938 00:00,1937-12,-2.1,G,57.4034,18.5297,,
01/01/1938 00:00,01/02/1938 00:00,1938-01,-0.8,G,57.4034,18.5297,,
01/02/1938 00:00,01/03/1938 00:00,1938-02,0,G,57.4034,18.5297,,
01/03/1938 00:00,01/04/1938 00:00,1938-03,4.1,G,57.4034,18.5297,,
01/04/1938 00:00,01/05/1938 00:00,1938-04,4.1,G,57.4034,18.5297,,
01/05/1938 00:00,01/06/1938 00:00,1938-05,7.9,G,57.4034,18.5297,,
01/06/1938 00:00,01/07/1938 00:00,1938-06,13.6,G,57.4034,18.5297,,
01/07/1938 00:00,01/08/1938 00:00,1938-07,16.6,G,57.4034,18.5297,,
01/08/1938 00:00,01/09/1938 00:00,1938-08,17.1,G,57.4034,18.5297,,
01/09/1938 00:00,01/10/1938 00:00,1938-09,12,G,57.4034,18.5297,,
01/10/1938 00:00,01/11/1938 00:00,1938-10,8.4,G,57.4034,18.5297,,
01/11/1938 00:00,01/12/1938 00:00,1938-11,4.5,G,57.4034,18.5297,,
01/12/1938 00:00,01/01/1939 00:00,1938-12,-1.7,G,57.4034,18.5297,,
01/01/1939 00:00,01/02/1939 00:00,1939-01,-0.2,G,57.4034,18.5297,,
01/02/1939 00:00,01/03/1939 00:00,1939-02,1.7,G,57.4034,18.5297,,
01/03/1939 00:00,01/04/1939 00:00,1939-03,0,G,57.4034,18.5297,,
01/04/1939 00:00,01/05/1939 00:00,1939-04,4.1,G,57.4034,18.5297,,
01/05/1939 00:00,01/06/1939 00:00,1939-05,8.4,G,57.4034,18.5297,,
01/06/1939 00:00,01/07/1939 00:00,1939-06,14.1,G,57.4034,18.5297,,
01/07/1939 00:00,01/08/1939 00:00,1939-07,17.3,G,57.4034,18.5297,,
01/08/1939 00:00,01/09/1939 00:00,1939-08,18.6,G,57.4034,18.5297,,
01/09/1939 00:00,01/10/1939 00:00,1939-09,11.9,G,57.4034,18.5297,,
01/10/1939 00:00,01/11/1939 00:00,1939-10,3.1,G,57.4034,18.5297,,
01/11/1939 00:00,01/12/1939 00:00,1939-11,2.6,G,57.4034,18.5297,,
01/12/1939 00:00,01/01/1940 00:00,1939-12,-2.2,G,57.4034,18.5297,,
01/01/1940 00:00,01/02/1940 00:00,1940-01,-7.4,G,57.4034,18.5297,,
01/02/1940 00:00,01/03/1940 00:00,1940-02,-10.2,G,57.4034,18.5297,,
01/03/1940 00:00,01/04/1940 00:00,1940-03,-5.9,G,57.4034,18.5297,,
01/04/1940 00:00,01/05/1940 00:00,1940-04,0.6,G,57.4034,18.5297,,
01/05/1940 00:00,01/06/1940 00:00,1940-05,8.9,G,57.4034,18.5297,,
01/06/1940 00:00,01/07/1940 00:00,1940-06,14.2,G,57.4034,18.5297,,
01/07/1940 00:00,01/08/1940 00:00,1940-07,17.5,G,57.4034,18.5297,,
01/08/1940 00:00,01/09/1940 00:00,1940-08,14,G,57.4034,18.5297,,
01/09/1940 00:00,01/10/1940 00:00,1940-09,9.8,G,57.4034,18.5297,,
01/10/1940 00:00,01/11/1940 00:00,1940-10,5.3,G,57.4034,18.5297,,
01/11/1940 00:00,01/12/1940 00:00,1940-11,2.9,G,57.4034,18.5297,,
01/12/1940 00:00,01/01/1941 00:00,1940-12,-1.9,G,57.4034,18.5297,,
01/06/1962 00:00,01/07/1962 00:00,1962-06,12.8,Y,57.4034,18.5297,,
01/07/1962 00:00,01/08/1962 00:00,1962-07,13.9,Y,57.4034,18.5297,,
01/08/1962 00:00,01/09/1962 00:00,1962-08,13.7,Y,57.4034,18.5297,,
01/09/1962 00:00,01/10/1962 00:00,1962-09,10.2,Y,57.4034,18.5297,,
01/10/1962 00:00,01/11/1962 00:00,1962-10,7.4,Y,57.4034,18.5297,,
01/11/1962 00:00,01/12/1962 00:00,1962-11,2.7,Y,57.4034,18.5297,,
01/12/1962 00:00,01/01/1963 00:00,1962-12,-3,Y,57.4034,18.5297,,
01/01/1963 00:00,01/02/1963 00:00,1963-01,-6.3,Y,57.4034,18.5297,,
01/02/1963 00:00,01/03/1963 00:00,1963-02,-5.7,G,57.4034,18.5297,,
01/03/1963 00:00,01/04/1963 00:00,1963-03,-3.7,G,57.4034,18.5297,,
01/04/1963 00:00,01/05/1963 00:00,1963-04,3.4,G,57.4034,18.5297,,
01/05/1963 00:00,01/06/1963 00:00,1963-05,11.6,G,57.4034,18.5297,,
01/06/1963 00:00,01/07/1963 00:00,1963-06,14.8,G,57.4034,18.5297,,
01/07/1963 00:00,01/08/1963 00:00,1963-07,17.1,G,57.4034,18.5297,,
01/08/1963 00:00,01/09/1963 00:00,1963-08,16.1,G,57.4034,18.5297,,
01/09/1963 00:00,01/10/1963 00:00,1963-09,12.3,G,57.4034,18.5297,,
01/10/1963 00:00,01/11/1963 00:00,1963-10,6.4,G,57.4034,18.5297,,
01/11/1963 00:00,01/12/1963 00:00,1963-11,4,G,57.4034,18.5297,,
01/12/1963 00:00,01/01/1964 00:00,1963-12,-1.7,G,57.4034,18.5297,,
01/01/1964 00:00,01/02/1964 00:00,1964-01,-0.8,G,57.4034,18.5297,,
01/02/1964 00:00,01/03/1964 00:00,1964-02,-3.3,G,57.4034,18.5297,,
01/03/1964 00:00,01/04/1964 00:00,1964-03,-2.2,G,57.4034,18.5297,,
01/04/1964 00:00,01/05/1964 00:00,1964-04,4.8,G,57.4034,18.5297,,
01/05/1964 00:00,01/06/1964 00:00,1964-05,11.1,G,57.4034,18.5297,,
01/06/1964 00:00,01/07/1964 00:00,1964-06,15.1,G,57.4034,18.5297,,
01/07/1964 00:00,01/08/1964 00:00,1964-07,16.3,G,57.4034,18.5297,,
01/08/1964 00:00,01/09/1964 00:00,1964-08,14.9,G,57.4034,18.5297,,
01/09/1964 00:00,01/10/1964 00:00,1964-09,11.2,G,57.4034,18.5297,,
01/10/1964 00:00,01/11/1964 00:00,1964-10,6.9,G,57.4034,18.5297,,
01/11/1964 00:00,01/12/1964 00:00,1964-11,3,G,57.4034,18.5297,,
01/12/1964 00:00,01/01/1965 00:00,1964-12,-0.2,G,57.4034,18.5297,,
01/01/1965 00:00,01/02/1965 00:00,1965-01,-0.6,Y,57.4034,18.5297,,
01/02/1965 00:00,01/03/1965 00:00,1965-02,-3.5,Y,57.4034,18.5297,,
01/03/1965 00:00,01/04/1965 00:00,1965-03,-1,G,57.4034,18.5297,,
01/04/1965 00:00,01/05/1965 00:00,1965-04,3.5,G,57.4034,18.5297,,
01/05/1965 00:00,01/06/1965 00:00,1965-05,7,Y,57.4034,18.5297,,
01/06/1965 00:00,01/07/1965 00:00,1965-06,14.3,Y,57.4034,18.5297,,
01/07/1965 00:00,01/08/1965 00:00,1965-07,14,G,57.4034,18.5297,,
01/08/1965 00:00,01/09/1965 00:00,1965-08,14,Y,57.4034,18.5297,,
01/09/1965 00:00,01/10/1965 00:00,1965-09,12.6,Y,57.4034,18.5297,,
01/10/1965 00:00,01/11/1965 00:00,1965-10,8,Y,57.4034,18.5297,,
01/11/1965 00:00,01/12/1965 00:00,1965-11,-0.7,Y,57.4034,18.5297,,
01/12/1965 00:00,01/01/1966 00:00,1965-12,-1.5,Y,57.4034,18.5297,,
01/01/1966 00:00,01/02/1966 00:00,1966-01,-4.4,Y,57.4034,18.5297,,
01/02/1966 00:00,01/03/1966 00:00,1966-02,-6.8,Y,57.4034,18.5297,,
01/03/1966 00:00,01/04/1966 00:00,1966-03,0.1,Y,57.4034,18.5297,,
01/04/1966 00:00,01/05/1966 00:00,1966-04,1.7,Y,57.4034,18.5297,,
01/05/1966 00:00,01/06/1966 00:00,1966-05,9.8,Y,57.4034,18.5297,,
01/06/1966 00:00,01/07/1966 00:00,1966-06,16.3,Y,57.4034,18.5297,,
01/07/1966 00:00,01/08/1966 00:00,1966-07,16.8,Y,57.4034,18.5297,,
01/08/1966 00:00,01/09/1966 00:00,1966-08,14.6,Y,57.4034,18.5297,,
01/09/1966 00:00,01/10/1966 00:00,1966-09,11.5,G,57.4034,18.5297,,
01/10/1966 00:00,01/11/1966 00:00,1966-10,7.5,G,57.4034,18.5297,,
01/11/1966 00:00,01/12/1966 00:00,1966-11,3.2,Y,57.4034,18.5297,,
01/12/1966 00:00,01/01/1967 00:00,1966-12,0.3,Y,57.4034,18.5297,,
01/01/1967 00:00,01/02/1967 00:00,1967-01,-3.9,Y,57.4034,18.5297,,
01/02/1967 00:00,01/03/1967 00:00,1967-02,-0.4,Y,57.4034,18.5297,,
01/03/1967 00:00,01/04/1967 00:00,1967-03,3.4,Y,57.4034,18.5297,,
01/04/1967 00:00,01/05/1967 00:00,1967-04,4.3,Y,57.4034,18.5297,,
01/05/1967 00:00,01/06/1967 00:00,1967-05,9.5,Y,57.4034,18.5297,,
01/06/1967 00:00,01/07/1967 00:00,1967-06,13.6,Y,57.4034,18.5297,,
01/07/1967 00:00,01/08/1967 00:00,1967-07,16.7,Y,57.4034,18.5297,,
01/08/1967 00:00,01/09/1967 00:00,1967-08,16.1,Y,57.4034,18.5297,,
01/09/1967 00:00,01/10/1967 00:00,1967-09,12.9,Y,57.4034,18.5297,,
01/10/1967 00:00,01/11/1967 00:00,1967-10,9.9,Y,57.4034,18.5297,,
01/11/1967 00:00,01/12/1967 00:00,1967-11,3.8,Y,57.4034,18.5297,,
01/12/1967 00:00,01/01/1968 00:00,1967-12,-3.4,Y,57.4034,18.5297,,
01/01/1968 00:00,01/02/1968 00:00,1968-01,-4.2,Y,57.4034,18.5297,,
01/02/1968 00:00,01/03/1968 00:00,1968-02,-3.1,Y,57.4034,18.5297,,
01/03/1968 00:00,01/04/1968 00:00,1968-03,1.4,Y,57.4034,18.5297,,
01/04/1968 00:00,01/05/1968 00:00,1968-04,6.1,Y,57.4034,18.5297,,
01/05/1968 00:00,01/06/1968 00:00,1968-05,8,Y,57.4034,18.5297,,
01/06/1968 00:00,01/07/1968 00:00,1968-06,16.2,Y,57.4034,18.5297,,
01/07/1968 00:00,01/08/1968 00:00,1968-07,14.9,Y,57.4034,18.5297,,
01/08/1968 00:00,01/09/1968 00:00,1968-08,16.6,Y,57.4034,18.5297,,
01/09/1968 00:00,01/10/1968 00:00,1968-09,11.8,Y,57.4034,18.5297,,
01/10/1968 00:00,01/11/1968 00:00,1968-10,6.4,Y,57.4034,18.5297,,
01/11/1968 00:00,01/12/1968 00:00,1968-11,3.4,Y,57.4034,18.5297,,
01/12/1968 00:00,01/01/1969 00:00,1968-12,-0.3,Y,57.4034,18.5297,,
01/01/1969 00:00,01/02/1969 00:00,1969-01,-3,Y,57.4034,18.5297,,
01/02/1969 00:00,01/03/1969 00:00,1969-02,-4.4,Y,57.4034,18.5297,,
01/03/1969 00:00,01/04/1969 00:00,1969-03,-4,Y,57.4034,18.5297,,
01/04/1969 00:00,01/05/1969 00:00,1969-04,4.4,Y,57.4034,18.5297,,
01/05/1969 00:00,01/06/1969 00:00,1969-05,8.6,Y,57.4034,18.5297,,
01/06/1969 00:00,01/07/1969 00:00,1969-06,15.6,Y,57.4034,18.5297,,
01/07/1969 00:00,01/08/1969 00:00,1969-07,17.7,Y,57.4034,18.5297,,
01/08/1969 00:00,01/09/1969 00:00,1969-08,16.6,Y,57.4034,18.5297,,
01/09/1969 00:00,01/10/1969 00:00,1969-09,12.1,Y,57.4034,18.5297,,
01/10/1969 00:00,01/11/1969 00:00,1969-10,7.8,Y,57.4034,18.5297,,
01/11/1969 00:00,01/12/1969 00:00,1969-11,3.1,Y,57.4034,18.5297,,
01/12/1969 00:00,01/01/1970 00:00,1969-12,-3.2,Y,57.4034,18.5297,,
01/01/1970 00:00,01/02/1970 00:00,1970-01,-4.8,Y,57.4034,18.5297,,
01/02/1970 00:00,01/03/1970 00:00,1970-02,-7.3,Y,57.4034,18.5297,,
01/03/1970 00:00,01/04/1970 00:00,1970-03,-1.2,Y,57.4034,18.5297,,
01/04/1970 00:00,01/05/1970 00:00,1970-04,2.6,Y,57.4034,18.5297,,
01/05/1970 00:00,01/06/1970 00:00,1970-05,9.1,Y,57.4034,18.5297,,
01/06/1970 00:00,01/07/1970 00:00,1970-06,15.5,Y,57.4034,18.5297,,
01/07/1970 00:00,01/08/1970 00:00,1970-07,15,Y,57.4034,18.5297,,
01/08/1970 00:00,01/09/1970 00:00,1970-08,15.2,Y,57.4034,18.5297,,
01/09/1970 00:00,01/10/1970 00:00,1970-09,11.2,Y,57.4034,18.5297,,
01/10/1970 00:00,01/11/1970 00:00,1970-10,6.8,Y,57.4034,18.5297,,
01/11/1970 00:00,01/12/1970 00:00,1970-11,2.2,Y,57.4034,18.5297,,
01/12/1970 00:00,01/01/1971 00:00,1970-12,0.3,Y,57.4034,18.5297,,
01/01/1971 00:00,01/02/1971 00:00,1971-01,-0.5,Y,57.4034,18.5297,,
01/02/1971 00:00,01/03/1971 00:00,1971-02,-1.1,Y,57.4034,18.5297,,
01/03/1971 00:00,01/04/1971 00:00,1971-03,-1.8,Y,57.4034,18.5297,,
01/04/1971 00:00,01/05/1971 00:00,1971-04,3.9,Y,57.4034,18.5297,,
01/05/1971 00:00,01/06/1971 00:00,1971-05,10.8,Y,57.4034,18.5297,,
01/06/1971 00:00,01/07/1971 00:00,1971-06,13.1,Y,57.4034,18.5297,,
01/07/1971 00:00,01/08/1971 00:00,1971-07,16.7,Y,57.4034,18.5297,,
01/08/1971 00:00,01/09/1971 00:00,1971-08,16.1,Y,57.4034,18.5297,,
01/09/1971 00:00,01/10/1971 00:00,1971-09,10.6,Y,57.4034,18.5297,,
01/10/1971 00:00,01/11/1971 00:00,1971-10,7.5,Y,57.4034,18.5297,,
01/11/1971 00:00,01/12/1971 00:00,1971-11,1.8,Y,57.4034,18.5297,,
01/12/1971 00:00,01/01/1972 00:00,1971-12,1.9,Y,57.4034,18.5297,,
01/01/1972 00:00,01/02/1972 00:00,1972-01,-3.3,Y,57.4034,18.5297,,
01/02/1972 00:00,01/03/1972 00:00,1972-02,-0.8,Y,57.4034,18.5297,,
01/03/1972 00:00,01/04/1972 00:00,1972-03,0.8,Y,57.4034,18.5297,,
01/04/1972 00:00,01/05/1972 00:00,1972-04,4.2,Y,57.4034,18.5297,,
01/05/1972 00:00,01/06/1972 00:00,1972-05,9,Y,57.4034,18.5297,,
01/06/1972 00:00,01/07/1972 00:00,1972-06,15.2,Y,57.4034,18.5297,,
01/07/1972 00:00,01/08/1972 00:00,1972-07,19,Y,57.4034,18.5297,,
01/08/1972 00:00,01/09/1972 00:00,1972-08,15.7,Y,57.4034,18.5297,,
01/09/1972 00:00,01/10/1972 00:00,1972-09,10.5,Y,57.4034,18.5297,,
01/10/1972 00:00,01/11/1972 00:00,1972-10,6.2,Y,57.4034,18.5297,,
01/11/1972 00:00,01/12/1972 00:00,1972-11,4,Y,57.4034,18.5297,,
01/12/1972 00:00,01/01/1973 00:00,1972-12,3.3,Y,57.4034,18.5297,,
01/01/1973 00:00,01/02/1973 00:00,1973-01,0.5,Y,57.4034,18.5297,,
01/02/1973 00:00,01/03/1973 00:00,1973-02,0.6,Y,57.4034,18.5297,,
01/03/1973 00:00,01/04/1973 00:00,1973-03,2.9,Y,57.4034,18.5297,,
01/04/1973 00:00,01/05/1973 00:00,1973-04,3.8,Y,57.4034,18.5297,,
01/05/1973 00:00,01/06/1973 00:00,1973-05,10.4,Y,57.4034,18.5297,,
01/06/1973 00:00,01/07/1973 00:00,1973-06,16.3,Y,57.4034,18.5297,,
01/07/1973 00:00,01/08/1973 00:00,1973-07,18.8,Y,57.4034,18.5297,,
01/08/1973 00:00,01/09/1973 00:00,1973-08,15.4,Y,57.4034,18.5297,,
01/09/1973 00:00,01/10/1973 00:00,1973-09,10.3,Y,57.4034,18.5297,,
01/10/1973 00:00,01/11/1973 00:00,1973-10,4.6,Y,57.4034,18.5297,,
01/11/1973 00:00,01/12/1973 00:00,1973-11,0.8,Y,57.4034,18.5297,,
01/12/1973 00:00,01/01/1974 00:00,1973-12,-0.9,Y,57.4034,18.5297,,
01/01/1974 00:00,01/02/1974 00:00,1974-01,0.5,Y,57.4034,18.5297,,
01/02/1974 00:00,01/03/1974 00:00,1974-02,0.6,Y,57.4034,18.5297,,
01/03/1974 00:00,01/04/1974 00:00,1974-03,1,Y,57.4034,18.5297,,
01/04/1974 00:00,01/05/1974 00:00,1974-04,4.8,Y,57.4034,18.5297,,
01/05/1974 00:00,01/06/1974 00:00,1974-05,8.2,Y,57.4034,18.5297,,
01/06/1974 00:00,01/07/1974 00:00,1974-06,13.9,Y,57.4034,18.5297,,
01/07/1974 00:00,01/08/1974 00:00,1974-07,15.1,Y,57.4034,18.5297,,
01/08/1974 00:00,01/09/1974 00:00,1974-08,15.1,Y,57.4034,18.5297,,
01/09/1974 00:00,01/10/1974 00:00,1974-09,12.4,Y,57.4034,18.5297,,
01/10/1974 00:00,01/11/1974 00:00,1974-10,6.5,Y,57.4034,18.5297,,
01/11/1974 00:00,01/12/1974 00:00,1974-11,4.4,Y,57.4034,18.5297,,
01/12/1974 00:00,01/01/1975 00:00,1974-12,2.2,Y,57.4034,18.5297,,
01/01/1975 00:00,01/02/1975 00:00,1975-01,2.2,Y,57.4034,18.5297,,
01/02/1975 00:00,01/03/1975 00:00,1975-02,-0.3,Y,57.4034,18.5297,,
01/03/1975 00:00,01/04/1975 00:00,1975-03,1.1,Y,57.4034,18.5297,,
01/04/1975 00:00,01/05/1975 00:00,1975-04,4.2,Y,57.4034,18.5297,,
01/05/1975 00:00,01/06/1975 00:00,1975-05,10.4,Y,57.4034,18.5297,,
01/06/1975 00:00,01/07/1975 00:00,1975-06,13.8,Y,57.4034,18.5297,,
01/07/1975 00:00,01/08/1975 00:00,1975-07,17.5,Y,57.4034,18.5297,,
01/08/1975 00:00,01/09/1975 00:00,1975-08,18.3,Y,57.4034,18.5297,,
01/09/1975 00:00,01/10/1975 00:00,1975-09,14.1,Y,57.4034,18.5297,,
01/10/1975 00:00,01/11/1975 00:00,1975-10,7.9,Y,57.4034,18.5297,,
01/11/1975 00:00,01/12/1975 00:00,1975-11,3.5,Y,57.4034,18.5297,,
01/12/1975 00:00,01/01/1976 00:00,1975-12,1.9,Y,57.4034,18.5297,,
01/01/1976 00:00,01/02/1976 00:00,1976-01,-3.7,Y,57.4034,18.5297,,
01/02/1976 00:00,01/03/1976 00:00,1976-02,-1.8,Y,57.4034,18.5297,,
01/03/1976 00:00,01/04/1976 00:00,1976-03,-2.5,Y,57.4034,18.5297,,
01/04/1976 00:00,01/05/1976 00:00,1976-04,3.7,Y,57.4034,18.5297,,
01/05/1976 00:00,01/06/1976 00:00,1976-05,9.5,Y,57.4034,18.5297,,
01/06/1976 00:00,01/07/1976 00:00,1976-06,13.7,Y,57.4034,18.5297,,
01/07/1976 00:00,01/08/1976 00:00,1976-07,16,Y,57.4034,18.5297,,
01/08/1976 00:00,01/09/1976 00:00,1976-08,15.3,Y,57.4034,18.5297,,
01/09/1976 00:00,01/10/1976 00:00,1976-09,10.2,Y,57.4034,18.5297,,
01/10/1976 00:00,01/11/1976 00:00,1976-10,5.4,Y,57.4034,18.5297,,
01/11/1976 00:00,01/12/1976 00:00,1976-11,3.3,Y,57.4034,18.5297,,
01/12/1976 00:00,01/01/1977 00:00,1976-12,-1.5,Y,57.4034,18.5297,,
01/01/1977 00:00,01/02/1977 00:00,1977-01,-1.2,Y,57.4034,18.5297,,
01/02/1977 00:00,01/03/1977 00:00,1977-02,-2.7,Y,57.4034,18.5297,,
01/03/1977 00:00,01/04/1977 00:00,1977-03,0.4,Y,57.4034,18.5297,,
01/04/1977 00:00,01/05/1977 00:00,1977-04,3.1,Y,57.4034,18.5297,,
01/05/1977 00:00,01/06/1977 00:00,1977-05,9,Y,57.4034,18.5297,,
01/06/1977 00:00,01/07/1977 00:00,1977-06,15,Y,57.4034,18.5297,,
01/07/1977 00:00,01/08/1977 00:00,1977-07,14.5,Y,57.4034,18.5297,,
01/08/1977 00:00,01/09/1977 00:00,1977-08,14.3,Y,57.4034,18.5297,,
01/09/1977 00:00,01/10/1977 00:00,1977-09,9.4,Y,57.4034,18.5297,,
01/10/1977 00:00,01/11/1977 00:00,1977-10,7.8,Y,57.4034,18.5297,,
01/11/1977 00:00,01/12/1977 00:00,1977-11,4.5,Y,57.4034,18.5297,,
01/12/1977 00:00,01/01/1978 00:00,1977-12,0.8,Y,57.4034,18.5297,,
01/01/1978 00:00,01/02/1978 00:00,1978-01,-0.3,Y,57.4034,18.5297,,
01/02/1978 00:00,01/03/1978 00:00,1978-02,-4.3,Y,57.4034,18.5297,,
01/03/1978 00:00,01/04/1978 00:00,1978-03,0.4,Y,57.4034,18.5297,,
01/04/1978 00:00,01/05/1978 00:00,1978-04,3,Y,57.4034,18.5297,,
01/05/1978 00:00,01/06/1978 00:00,1978-05,9.4,Y,57.4034,18.5297,,
01/06/1978 00:00,01/07/1978 00:00,1978-06,14.4,Y,57.4034,18.5297,,
01/07/1978 00:00,01/08/1978 00:00,1978-07,15.2,Y,57.4034,18.5297,,
01/08/1978 00:00,01/09/1978 00:00,1978-08,15.1,Y,57.4034,18.5297,,
01/09/1978 00:00,01/10/1978 00:00,1978-09,9.7,Y,57.4034,18.5297,,
01/10/1978 00:00,01/11/1978 00:00,1978-10,6.7,Y,57.4034,18.5297,,
01/11/1978 00:00,01/12/1978 00:00,1978-11,5.4,Y,57.4034,18.5297,,
01/12/1978 00:00,01/01/1979 00:00,1978-12,-3.7,Y,57.4034,18.5297,,
01/01/1979 00:00,01/02/1979 00:00,1979-01,-4.6,Y,57.4034,18.5297,,
01/02/1979 00:00,01/03/1979 00:00,1979-02,-4.9,Y,57.4034,18.5297,,
01/03/1979 00:00,01/04/1979 00:00,1979-03,-0.8,Y,57.4034,18.5297,,
01/04/1979 00:00,01/05/1979 00:00,1979-04,3.1,Y,57.4034,18.5297,,
01/05/1979 00:00,01/06/1979 00:00,1979-05,10.7,Y,57.4034,18.5297,,
01/06/1979 00:00,01/07/1979 00:00,1979-06,15.9,Y,57.4034,18.5297,,
01/07/1979 00:00,01/08/1979 00:00,1979-07,14.3,Y,57.4034,18.5297,,
01/08/1979 00:00,01/09/1979 00:00,1979-08,14.6,Y,57.4034,18.5297,,
01/09/1979 00:00,01/10/1979 00:00,1979-09,11.2,Y,57.4034,18.5297,,
01/10/1979 00:00,01/11/1979 00:00,1979-10,5.1,Y,57.4034,18.5297,,
01/11/1979 00:00,01/12/1979 00:00,1979-11,3.4,Y,57.4034,18.5297,,
01/12/1979 00:00,01/01/1980 00:00,1979-12,-0.5,Y,57.4034,18.5297,,
01/01/1980 00:00,01/02/1980 00:00,1980-01,-3.6,Y,57.4034,18.5297,,
01/02/1980 00:00,01/03/1980 00:00,1980-02,-4.2,Y,57.4034,18.5297,,
01/03/1980 00:00,01/04/1980 00:00,1980-03,-3.5,Y,57.4034,18.5297,,
01/04/1980 00:00,01/05/1980 00:00,1980-04,4.7,Y,57.4034,18.5297,,
01/05/1980 00:00,01/06/1980 00:00,1980-05,7.5,Y,57.4034,18.5297,,
01/06/1980 00:00,01/07/1980 00:00,1980-06,15,Y,57.4034,18.5297,,
01/07/1980 00:00,01/08/1980 00:00,1980-07,16,Y,57.4034,18.5297,,
01/08/1980 00:00,01/09/1980 00:00,1980-08,14.9,Y,57.4034,18.5297,,
01/10/1980 00:00,01/11/1980 00:00,1980-10,6.5,Y,57.4034,18.5297,,
01/11/1980 00:00,01/12/1980 00:00,1980-11,1,Y,57.4034,18.5297,,
01/12/1980 00:00,01/01/1981 00:00,1980-12,0.6,Y,57.4034,18.5297,,
01/01/1981 00:00,01/02/1981 00:00,1981-01,-3.1,Y,57.4034,18.5297,,
01/02/1981 00:00,01/03/1981 00:00,1981-02,-1.2,Y,57.4034,18.5297,,
01/03/1981 00:00,01/04/1981 00:00,1981-03,-0.1,Y,57.4034,18.5297,,
01/04/1981 00:00,01/05/1981 00:00,1981-04,3.5,Y,57.4034,18.5297,,
01/05/1981 00:00,01/06/1981 00:00,1981-05,11,Y,57.4034,18.5297,,
01/06/1981 00:00,01/07/1981 00:00,1981-06,13.3,Y,57.4034,18.5297,,
01/07/1981 00:00,01/08/1981 00:00,1981-07,16.3,Y,57.4034,18.5297,,
01/08/1981 00:00,01/09/1981 00:00,1981-08,14.7,Y,57.4034,18.5297,,
01/09/1981 00:00,01/10/1981 00:00,1981-09,11.6,Y,57.4034,18.5297,,
01/11/1981 00:00,01/12/1981 00:00,1981-11,2.5,Y,57.4034,18.5297,,
01/12/1981 00:00,01/01/1982 00:00,1981-12,-3.8,Y,57.4034,18.5297,,
01/01/1982 00:00,01/02/1982 00:00,1982-01,-3.5,Y,57.4034,18.5297,,
01/02/1982 00:00,01/03/1982 00:00,1982-02,-2.6,Y,57.4034,18.5297,,
01/04/1982 00:00,01/05/1982 00:00,1982-04,4.3,Y,57.4034,18.5297,,
01/05/1982 00:00,01/06/1982 00:00,1982-05,9.7,Y,57.4034,18.5297,,
01/06/1982 00:00,01/07/1982 00:00,1982-06,11.9,Y,57.4034,18.5297,,
01/07/1982 00:00,01/08/1982 00:00,1982-07,17,Y,57.4034,18.5297,,
01/08/1982 00:00,01/09/1982 00:00,1982-08,16.6,Y,57.4034,18.5297,,
01/09/1982 00:00,01/10/1982 00:00,1982-09,11.9,Y,57.4034,18.5297,,
01/10/1982 00:00,01/11/1982 00:00,1982-10,7.6,Y,57.4034,18.5297,,
01/11/1982 00:00,01/12/1982 00:00,1982-11,5,Y,57.4034,18.5297,,
01/12/1982 00:00,01/01/1983 00:00,1982-12,1.3,Y,57.4034,18.5297,,
01/01/1983 00:00,01/02/1983 00:00,1983-01,2.3,Y,57.4034,18.5297,,
01/02/1983 00:00,01/03/1983 00:00,1983-02,-2.7,Y,57.4034,18.5297,,
01/04/1983 00:00,01/05/1983 00:00,1983-04,5.3,Y,57.4034,18.5297,,
01/05/1983 00:00,01/06/1983 00:00,1983-05,10.5,Y,57.4034,18.5297,,
01/06/1983 00:00,01/07/1983 00:00,1983-06,13.9,Y,57.4034,18.5297,,
01/07/1983 00:00,01/08/1983 00:00,1983-07,18,Y,57.4034,18.5297,,
